"(u'$125',)","(u'$44',)","(u'Gym Pantos Kickboxing Trainer NYC',)","(u'Up to 65% off Boxing Lessons',)","(u'https://www.groupon.com/deals/gym-pantos-kickboxing-trainer-nyc',)","([],)"
"(u'$105',)","(u'$30',)","(u'iLoveKickboxing.com',)","(u'Up to 74% off Kickboxing Classes with Gloves',)","(u'https://www.groupon.com/deals/ilovekickboxing-com-11-new-york',)","([(u'iLoveKickboxing.com', u'+17187269400'), (u'iLoveKickboxing- Park Slope', u'+13474648818'), (u'iLoveKickboxing.com', u'+17186060196'), (u'Boerum Hill', u'+17184039026'), (u'Bayside', u'+17187676627'), (u'iLoveKickboxing.com', u'+17182972200'), (u'ILKB - Harlem', u'+13473446220'), (u'iLoveKickboxing.com', u'+19175252125'), (u'iLoveKickboxing.com', u'+17188061738'), (u'Midtown', u'+12122398619'), (u'Forest Hills', u'+17185444698'), (u'Chelsea', u'+16463959138')],)"
"(u'$20',)","(u'$10',)","(u'NYC Bike Rental',)","(u'Up to 50% off Bike Rental',)","(u'https://www.groupon.com/deals/nyc-bike-rental',)","([(u'Central Park', u'+16465485407')],)"
"(u'$119.97',)","(u'$29.99',)","(u'CKO Kickboxing Gramercy',)","(u'Up to 79% off Kickboxing Classes',)","(u'https://www.groupon.com/deals/cko-kickboxing-gramercy',)","([(u'Midtown Manhattan', u'+12124198955')],)"
"(u'$95',)","(u'$19',)","(u'CKO Hoboken Madison',)","(u'Up to 80% off Kickboxing Classes',)","(u'https://www.groupon.com/deals/cko-hoboken-madison',)","([(u'Hoboken', u'+12019637774')],)"
"(u'$60',)","(u'$29.99',)","(u'Night Nation Run',)","(u'Up to 50% off Nighttime 5K Music Festival',)","(u'https://www.groupon.com/deals/night-nation-run-72-new-york',)","([(u'Aviator Sports & Event Center', u'')],)"
"(u'$90',)","(u'$15',)","(u'Kickboxing Yorkville',)","(u'Up to 87% off Kickboxing Classes',)","(u'https://www.groupon.com/deals/kickboxing-yorkville',)","([(u'Upper East Side', u'+16467804180')],)"
"(u'$125',)","(u'$30',)","(u'Lifefit Kickboxing',)","(u'Up to 76% off Kickboxing Classes',)","(u'https://www.groupon.com/deals/lifefit-kickboxing',)","([(u'Merrick', u''), (u'Wantagh', u''), (u'East Meadow', u''), (u'Bensonhurst 3', u''), (u'Bellmore', u''), (u'Oceanside', u''), (u'Massapequa 2', u''), (u'Sheepshead Bay', u''), (u'North Babylon', u''), (u'College Point', u''), (u'Bensonhurst 1', u''), (u'Carroll Gardens', u''), (u'Dyker Heights', u'')],)"
"(u'$55',)","(u'$29',)","(u'Physique Swimming',)","(u'Up to 52% off Swimming Lessons for Adutls',)","(u'https://www.groupon.com/deals/physique-swimming-new-york',)","([(u'Leman Manhattan Prep', u'+12127250939'), (u'Dunlevy Milbank', u'+12127250939'), (u'Hunter College, North Building', u'+12127250939'), (u""St. Bart's Church"", u'+12127250939')],)"
"(u'$160',)","(u'$45',)","(u'Epic Hybrid Training Center',)","(u'Up to 74% off Chiselbox Class Pack',)","(u'https://www.groupon.com/deals/epic-hybrid-training-center-3',)","([(u'Midtown Manhattan', u'+16464502405')],)"
"(u'$90',)","(u'$15',)","(u'Kickboxing Park Slope',)","(u'Up to 86% off Kickboxing Classes',)","(u'https://www.groupon.com/deals/kickboxing-park-slope',)","([(u'Kickboxing Arrochar', u'+17184087535')],)"
"(u'$120',)","(u'$39',)","(u'Hip + Fit',)","(u""Up to 71% off Unlimited Women's Kickboxing"",)","(u'https://www.groupon.com/deals/hip-fit-1',)","([(u'New York', u''), (u'Tribeca', u'+12125871099')],)"
"(u'$23.65',)","(u'$19',)","(u'The Krazy Kids Inflatable Fun Run',)","(u'Up to 20% off Inflatable Fun Run Registration',)","(u'https://www.groupon.com/deals/gl-krazy-kids-inflatable-fun-run-hudson-valley-ny',)","([(u'Barton Orchards', u'+18452272306')],)"
"(u'$90',)","(u'$15',)","(u'Kickboxing Ronkonkoma Long Island',)","(u'Up to 86% off Fitness Kickboxing',)","(u'https://www.groupon.com/deals/kickboxing-ronkonkoma-long-island',)","([],)"
"(u'$350',)","(u'$66',)","(u'Ultimate Gym NY',)","(u'Up to 83% off Martial Arts Classes',)","(u'https://www.groupon.com/deals/ultimate-gym-inc',)","([(u'Midtown South Central', u'+12127254666')],)"
"(u'$50',)","(u'$20',)","(u'Blacklight Run',)","(u'Up to 60% off Blacklight Run 5K',)","(u'https://www.groupon.com/deals/gl-blacklight-run-23',)","([],)"
"(u'$80',)","(u'$29.99',)","(u'CKO Kickboxing Springfield',)","(u'Up to 64% off Kickboxing Classes and Gloves',)","(u'https://www.groupon.com/deals/cko-kickboxing-springfield',)","([(u'Springfield', u'+19737881682')],)"
"(u'$135',)","(u'$41',)","(u'Krav Maga Experts',)","(u'Up to 70% off Krav Maga Classes',)","(u'https://www.groupon.com/deals/krav-maga-experts',)","([(u'Krav Maga Experts', u'+16467070388'), (u'Krav Maga Experts', u'+12124004813')],)"
"(u'$50',)","(u'$20',)","(u'Blacklight Slide',)","(u'Up to 60% off Glow-in-the-Dark Party',)","(u'https://www.groupon.com/deals/gl-blacklight-slide-36',)","([],)"
"(u'$105',)","(u'$29',)","(u'New York San Da Kickboxing',)","(u'Up to 75% off Martial-Arts Training',)","(u'https://www.groupon.com/deals/new-york-san-da-kickboxing',)","([(u'Garment District', u'+12122398619')],)"
"(u'$170',)","(u'$49',)","(u'CKO Kickboxing Ozone Park',)","(u'Up to 71% off Kickboxing Classes',)","(u'https://www.groupon.com/deals/cko-kickboxing-ozone-park',)","([(u'CKO Kickboxing Ozone Park', u'')],)"
"(u'$79',)","(u'$39',)","(u'LIC Boxing and Fitness Corp',)","(u'Up to 56% off Boxing Class Packages',)","(u'https://www.groupon.com/deals/supreme-team-boxing-seperate-tin',)","([],)"
"(u'$20',)","(u'$10',)","(u'Central Park Sightseeing',)","(u'Up to 58% off Bike Rental in Central Park',)","(u'https://www.groupon.com/deals/central-park-sightseeing-6',)","([(u'Central Park Sightseeing', u'+12127494444')],)"
"(u'$90',)","(u'$14',)","(u'Kickboxing Fit USA',)","(u'Up to 87% off Kickboxing',)","(u'https://www.groupon.com/deals/kickboxing-fit-america',)","([(u'New York', u''), (u'Kickboxing Fit USA', u''), (u'Kickboxing Sunset Park', u'+16467804180')],)"
"(u'$60',)","(u'$19',)","(u'CKO Kickboxing',)","(u'Up to 69% off Kickboxing Classes',)","(u'https://www.groupon.com/deals/cko-kickboxing-lodi-new-owner',)","([(u'Lodi', u'+19737777761')],)"
"(u'$30',)","(u'$18',)","(u'Kostal Paddle',)","(u'Up to 42% off Kayak or Paddle Boarding',)","(u'https://www.groupon.com/deals/kostal-paddle-4',)","([(u'Port Washington', u'+18555678251')],)"
"(u'$60',)","(u'$19',)","(u'CKO Lyndhurst',)","(u'Up to 69% off Kickboxing Classes',)","(u'https://www.groupon.com/deals/cko-lyndhurst',)","([(u'Lyndhurst', u'+12014385425')],)"
"(u'$185',)","(u'$42',)","(u'World Federation Of Elite Martial Arts',)","(u'Up to 77% off Fitness or Kickboxing Classes',)","(u'https://www.groupon.com/deals/wfm-warrior-fitness-and-kickboxing',)","([],)"
"(u'$45',)","(u'$25',)","(u'Island Rock',)","(u'Up to 69% off Rock-Climbing Package',)","(u'https://www.groupon.com/deals/island-rock-new-york-1',)","([(u'Plainview', u'+15168227625')],)"
"(u'$60',)","(u'$29',)","(u'Rising Sun Academy',)","(u'Up to 59% off Unlimited Cardio Kickboxing',)","(u'https://www.groupon.com/deals/rising-sun-academy-1',)","([(u'North End', u'+12014404466')],)"
"(u'$124',)","(u'$39',)","(u'Urban Martial Arts',)","(u'Up to 69% off Kickboxing Classes',)","(u'https://www.groupon.com/deals/urban-martial-arts-1',)","([(u'Ditmas Park', u'+17182875500')],)"
"(u'$170',)","(u'$39.99',)","(u'CKO Kickboxing Yonkers',)","(u'Up to 76% off Kickboxing Class Package',)","(u'https://www.groupon.com/deals/cko-kickboxing-yonkers',)","([(u'Colonial Heights', u'+19143376585')],)"
"(u'$109.32',)","(u'$69',)","(u'Tough Mudder Long Island and Tough Mudder Half Long Island',)","(u'Up to 37% off Tough Mudder Long Island',)","(u'https://www.groupon.com/deals/gl-tough-mudder-long-island-and-tough-mudder-half-long-island-at-old-bethpage-restoration-village',)","([(u'Old Bethpage Restoration Village', u'')],)"
"(u'$150',)","(u'$20',)","(u'JC H.I.I.T. Club',)","(u'Up to 90% off Boxing and Speed Bag Classes',)","(u'https://www.groupon.com/deals/jc-hiit-club-1',)","([],)"
"(u'$100',)","(u'$49',)","(u'Champs Boxing Club',)","(u'Up to 61% off Boxing Classes',)","(u'https://www.groupon.com/deals/champs-boxing-club',)","([(u'Downtown New Rochelle', u'+19173739220')],)"
"(u'$315',)","(u'$199',)","(u'Gateway Sports & Pools',)","(u'Up to 43% off Swimming Lessons',)","(u'https://www.groupon.com/deals/gateway-sports-club-1',)","([(u'South Ozone Park', u''), (u'Jamaica Estates', u''), (u'Richmond Hill', u''), (u'West Bronx', u''), (u'Hempstead', u''), (u'Midtown Manhattan', u''), (u'Mineola', u'')],)"
"(u'$135',)","(u'$30',)","(u'AmeriKick Martial Arts - Park Slope',)","(u'Up to 78% off Fitness Kickboxing Classes',)","(u'https://www.groupon.com/deals/amerikick-martial-arts-park-slope-1',)","([(u'Brooklyn', u'+17185677099'), (u'Brooklyn', u'+17187688200')],)"
"(u'$60',)","(u'$29.99',)","(u'CKO Kickboxing',)","(u'Up to 57% off Kickboxing Classes and Gloves',)","(u'https://www.groupon.com/deals/cko-kickboxing-11-40',)","([(u'Edison', u'+17326542769')],)"
"(u'$129',)","(u'$79',)","(u'Reebok Spartan Races',)","(u'Up to 39% off 2017 Reebok Spartan Race Events',)","(u'https://www.groupon.com/deals/gl-2017-reebok-spartan-race-tuxedo-ridge-ski-center-new-york',)","([(u'Tuxedo Ridge Ski Center', u'+18453511122')],)"
"(u'$150',)","(u'$19',)","(u'Knockout Fitness and Training',)","(u'Up to 87% off Boxing Classes Plus Consultation',)","(u'https://www.groupon.com/deals/eat-well-stay-fit-3',)","([(u'Downtown New Rochelle', u'')],)"
"(u'$100',)","(u'$39',)","(u'Renzo Gracie Astoria',)","(u'Up to 70% off Brazilian Jiu-Jitsu Classes',)","(u'https://www.groupon.com/deals/renzo-gracie-astoria',)","([(u'Astoria', u'+17187848000')],)"
"(u'$150',)","(u'$39',)","(u'Core Boxing',)","(u'Up to 80% off Boxing Classes',)","(u'https://www.groupon.com/deals/core-boxing',)","([(u'Howard Beach', u'+13478856380')],)"
"(u'$129',)","(u'$79',)","(u'Reebok Spartan Races',)","(u'Up to 39% off 2017 Reebok Spartan Races',)","(u'https://www.groupon.com/deals/gl-2017-reebok-spartan-race-tuxedo-ridge-ski-center-new-york-1',)","([(u'Tuxedo Ridge Ski Center', u'+18453511122')],)"
"(u'$180',)","(u'$29',)","(u'International Training Center',)","(u'Up to 84% off Unlimited Martial Arts Classes',)","(u'https://www.groupon.com/deals/international-training-center',)","([(u'Ditmars Steinway', u'+16468449777')],)"
"(u'$75',)","(u'$19',)","(u'JC Taekwondo and Kickboxing Academy',)","(u'Up to 75% off Martial Arts Classes',)","(u'https://www.groupon.com/deals/jc-kickboxing-academy-2-4',)","([(u'Historic Downtown', u'+12013331006')],)"
"(u'$129',)","(u'$79',)","(u'Reebok Spartan Races',)","(u'Up to 39% off 2017 Reebok Spartan Races',)","(u'https://www.groupon.com/deals/gl-2017-reebok-spartan-race-west-point-united-states-military-academy-new-york',)","([(u'West Point, United States Military Academy', u'')],)"
"(u'$100',)","(u'$50.50',)","(u'New York Black Belt Center',)","(u'Up to 55% off Kickboxing Classes with Gloves',)","(u'https://www.groupon.com/deals/new-york-black-belt-center-1',)","([(u'Bayside', u'+17182240855')],)"
"(u'$120',)","(u'$29',)","(u'CKO HANOVER',)","(u'Up to 76% off Kickboxing Classes',)","(u'https://www.groupon.com/deals/cko-hanover',)","([(u'Upper Vailsburg', u'+19732407348')],)"
"(u'$22',)","(u'$12',)","(u'Central Park Bike Tours',)","(u'Up to 51% off Bike Rental',)","(u'https://www.groupon.com/deals/central-park-bike-tours-1-1',)","([(u'Central Park Bike Tours', u'+19172832453')],)"
"(u'$120',)","(u'$39',)","(u'CKO Kickboxing',)","(u'Up to 77% off Kickboxing',)","(u'https://www.groupon.com/deals/cko-kickboxing-bloomingdale',)","([],)"
"(u'$135',)","(u'$30',)","(u'AmeriKick Martial Arts - Brooklyn',)","(u'Up to 78% off Muay Thai Kickboxing Classes',)","(u'https://www.groupon.com/deals/amerikick-martial-arts-brooklyn',)","([(u'Brooklyn', u'+17185677099'), (u'Brooklyn', u'+17187688200')],)"
"(u'$125',)","(u'$39',)","(u'Five Star Kickboxing',)","(u'Up to 76% off Kickboxing',)","(u'https://www.groupon.com/deals/five-star-kickboxing',)","([],)"
"(u'$82',)","(u'$55',)","(u'Manhattan Plaza Health Club',)","(u'Up to 34% off Private Climbing Lesson',)","(u'https://www.groupon.com/deals/manhattan-plaza-health-club-1',)","([(u'Midtown', u'+12125637001')],)"
"(u'$185',)","(u'$59',)","(u'FMA Center',)","(u'Up to 68% off Kickboxing Classes',)","(u'https://www.groupon.com/deals/fma-center',)","([(u'River Edge', u'+12012657000')],)"
"(u'$100',)","(u'$19',)","(u'Rise Brooklyn',)","(u'Up to 86% off Fitness Classes',)","(u'https://www.groupon.com/deals/rise-brooklyn',)","([(u'Brooklyn', u'+17187688200')],)"
"(u'$136',)","(u'$59',)","(u'Keith Grassing Golf Lessons',)","(u'Up to 62% off Private Golf Lessons',)","(u'https://www.groupon.com/deals/golf-channel-academy-essex-county-golf-center-1',)","([(u'Upper Vailsburg', u'+19085315960')],)"
"(u'$22',)","(u'$12',)","(u'Central Park Bike Ride',)","(u'Up to 51% off Bicycle Rental',)","(u'https://www.groupon.com/deals/central-park-bike-ride',)","([(u'Central Park Bike Ride', u'+19172832453')],)"
"(u'$150',)","(u'$29',)","(u""America's Ultimate Martial Arts Academy"",)","(u'Up to 84% off Kickboxing Classes',)","(u'https://www.groupon.com/deals/america-s-ultimate-martial-arts-academy',)","([(u'Canarsie', u'+13476736611')],)"
"(u'$90',)","(u'$14',)","(u'Kickboxing Elizabeth',)","(u'Up to 87% off Kickboxing Classes',)","(u'https://www.groupon.com/deals/kickboxing-elizabeth',)","([(u'Elizabeth', u'+15164194232')],)"
"(u'$25',)","(u'$12',)","(u'Kick Fever Fitness',)","(u'Up to 56% off Kickboxing Classes',)","(u'https://www.groupon.com/deals/kick-fever-fitness-1',)","([(u'Brooklyn', u'')],)"
"(u'$50',)","(u'$20',)","(u'Blacklight Wars',)","(u'Up to 60% off Blacklight Wars',)","(u'https://www.groupon.com/deals/gl-blacklight-wars-23',)","([],)"
"(u'$99.99',)","(u'$19.99',)","(u'ARES 500 Kickboxing & Martial Arts',)","(u'Up to 83% off Kickboxing Classes and Gloves',)","(u'https://www.groupon.com/deals/ares-500-kickboxing-martial-arts-2',)","([(u'North Side', u'')],)"
"(u'$235',)","(u'$55',)","(u'The Rock Club',)","(u'Up to 79% off Rock Climbing',)","(u'https://www.groupon.com/deals/the-rock-club-3',)","([(u'New Rochelle', u'+19146337625')],)"
"(u'$120',)","(u'$35',)","(u'Cko Kickboxing Roselle',)","(u'Up to 80% off Kickboxing Classes with Gloves',)","(u'https://www.groupon.com/deals/cko-kickboxing-roselle-1',)","([(u'Downtown Elizabeth', u'+19084864500')],)"
"(u'$50',)","(u'$29',)","(u'Goshin-Ryu Martial Arts & Fitness Studio',)","(u'Up to 54% off Kickboxing or Zumba Classes',)","(u'https://www.groupon.com/deals/goshin-ryu-martial-arts-fitness-studio-2',)","([(u'East Williamsburg', u'+17182187117')],)"
"(u'$275',)","(u'$190',)","(u'Inside The Leather',)","(u'Up to 31% off Golf Lessons',)","(u'https://www.groupon.com/deals/inside-the-leather',)","([],)"
"(u'$80',)","(u'$24.99',)","(u'CKO Kickboxing Fanwood',)","(u'Up to 69% off Kickboxing Classes and Gloves',)","(u'https://www.groupon.com/deals/cko-kickboxing-fanwood',)","([(u'Fanwood', u'+19083222530')],)"
"(u'$129',)","(u'$49',)","(u'Amerikick Martial Arts',)","(u'Up to 62% off Kickboxing Classes',)","(u'https://www.groupon.com/deals/amerikick-martial-arts-staten-island-2',)","([(u'Staten Island', u'+17183515100'), (u'Staten Island', u'+17185240244')],)"
"(u'$150',)","(u'$49',)","(u""RJ Valentin's Deep Water Running"",)","(u'Up to 70% off Fitness Classes',)","(u'https://www.groupon.com/deals/rj-valentin-s-deep-water-running-1',)","([(u'92nd St. Y', u''), (u'John Jay College', u''), (u""St. Bartholomew's Church"", u'')],)"
"(u'$145',)","(u'$29',)","(u'UNA Brazilian Jiu Jitsu',)","(u'Up to 80% off Martial-Arts Classes',)","(u'https://www.groupon.com/deals/una-brazilian-jiu-jitsu-1',)","([(u'Forest Hills', u'+17182680044')],)"
"(u'$75',)","(u'$25',)","(u'JC Kickboxing Academy',)","(u'Up to 70% off Kickboxing or Martial Arts',)","(u'https://www.groupon.com/deals/jc-taekwondo-and-kickboxing-academy',)","([(u'Historic Downtown', u'+12013331006')],)"
"(u'$75',)","(u'$39',)","(u'Dependable Fitness',)","(u'Up to 54% off Cross Training',)","(u'https://www.groupon.com/deals/dependable-fitness-1-1',)","([],)"
"(u'$75',)","(u'$44.99',)","(u'The Great Inflatable Race',)","(u'Up to 50% off The Great Inflatable Race',)","(u'https://www.groupon.com/deals/the-great-inflatable-race-25',)","([(u'Southeastern Brooklyn', u'')],)"
"(u'$90',)","(u'$14',)","(u'ECF Elite Martial Arts & Fitness',)","(u'Up to 87% off Brazilian Jujitsu Classes',)","(u'https://www.groupon.com/deals/bc-bjj-mma-academy-of-self-defense',)","([(u'ECF Elite Martial Arts & Fitness', u'')],)"
"(u'$141',)","(u'$25',)","(u'Silbers Martial Arts',)","(u'Up to 82% off Fitness Kickboxing Classes',)","(u'https://www.groupon.com/deals/silbers-martial-arts-1',)","([(u'Franklin Square', u'+15164855025')],)"
"(u'$70',)","(u'$49',)","(u'Tennis World NYC',)","(u'Up to 49% off Tennis',)","(u'https://www.groupon.com/deals/tennis-world-nyc-4',)","([],)"
"(u'$294',)","(u'$39',)","(u'Park Slope Academy Brazilian Jiu-Jitsu',)","(u'Up to 87% off Martial Arts Lesson',)","(u'https://www.groupon.com/deals/park-slope-academy-brazilian-jiu-jitsu-1',)","([(u'Park Slope', u'+17187886990')],)"
"(u'$120',)","(u'$59',)","(u'Fit Body Workx',)","(u'Up to 75% off KickBoxing Sessions',)","(u'https://www.groupon.com/deals/fit-body-workx',)","([],)"
"(u'$40',)","(u'$19',)","(u'Diamond Rock',)","(u'Up to 57% off Rock-Climbing Class',)","(u'https://www.groupon.com/deals/diamond-gymnastics-diamond-rock',)","([(u'East Hanover', u'+19735600414')],)"
"(u'$54',)","(u'$24',)","(u'TITLE Boxing Club',)","(u'Up to 61% off Kickboxing Classes',)","(u'https://www.groupon.com/deals/title-boxing-club-wayne',)","([(u'Wayne', u'+19739686897')],)"
"(u'$90',)","(u'$14',)","(u'Kickboxing East Elmhurst',)","(u'Up to 87% off Kickboxing Classes',)","(u'https://www.groupon.com/deals/kickboxing-east-elmhurst',)","([],)"
"(u'$100',)","(u'$39',)","(u'World Seido Karate',)","(u'Up to 70% off Karate Classes',)","(u'https://www.groupon.com/deals/world-seido-karate',)","([(u'New York', u'+12129240511')],)"
"(u'$60',)","(u'$29',)","(u'Manhattan Kayak',)","(u'Up to 52% off Kayaking or Paddleboarding',)","(u'https://www.groupon.com/deals/manhattan-kayak-4',)","([(u'Pier 84 Boathouse', u'+12129241788')],)"
"(u'$99',)","(u'$19',)","(u'Lifestyle MMA',)","(u'Up to 81% off Groupon',)","(u'https://www.groupon.com/deals/lifestyle-mma-3',)","([(u'Astoria', u'+17186060065')],)"
"(u'$125',)","(u'$19',)","(u'Militia Fight Academy',)","(u'Up to 85% off Martial Arts Classes',)","(u'https://www.groupon.com/deals/militia-fight-academy-2',)","([],)"
"(u'$180',)","(u'$20',)","(u'ECF Elite Martial Arts & Fitness',)","(u'Up to 89% off Kickboxing Classes',)","(u'https://www.groupon.com/deals/bc-bjj-mma-academy-of-self-defense-2',)","([(u'ECF Elite Martial Arts & Fitness', u'')],)"
"(u'$44.95',)","(u'$25',)","(u'Kettlebell Kickboxing',)","(u'Up to 55% off Fitness DVDs',)","(u'https://www.groupon.com/deals/kettlebell-kickboxing-1',)","([],)"
"(u'$90',)","(u'$25',)","(u'Puerto Havana Fitness',)","(u'Up to 73% off MMA Classes',)","(u'https://www.groupon.com/deals/puerto-havana-fitness-8',)","([],)"
"(u'$425',)","(u'$199',)","(u'Yorkville Tennis Club',)","(u'Up to 55% off Tennis Clinics',)","(u'https://www.groupon.com/deals/yorkville-tennis-club-3-7',)","([(u'Yorkville Tennis Club', u''), (u'Upper East Side', u'+12129870301'), (u'Sutton East Tennis Club', u'+12127513452')],)"
"(u'$79',)","(u'$15',)","(u'Amerikick - Brooklyn',)","(u'Up to 81% off Kids Martial Arts Classes',)","(u'https://www.groupon.com/deals/amerikick-martial-arts-brooklyn-2',)","([(u'Brooklyn', u'+17185677099'), (u'Brooklyn', u'+17187688200')],)"
"(u'$95',)","(u'$29',)","(u'CKO Kickboxing Sheepshead Bay',)","(u'Up to 69% off Kickboxing Classes and Gloves',)","(u'https://www.groupon.com/deals/cko-kickboxing-sheepshead-bay-2',)","([(u'Sheepshead Bay', u'+13475875715')],)"
"(u'$250',)","(u'$59',)","(u'Edgewater Kung Fu Academy',)","(u'Up to 90% off Tai Chi or Kickboxing',)","(u'https://www.groupon.com/deals/edgewater-kungfu-academy',)","([(u'Edgewater', u'+12018401133')],)"
"(u'$60',)","(u'$41',)","(u'Xcelerated Adventures',)","(u'Up to 34% off Breakneck Ridge Day Hike',)","(u'https://www.groupon.com/deals/xcelerated-adventures-2',)","([(u'Upper East Side', u'+18559235238')],)"
"(u'$125',)","(u'$25',)","(u'Ronin Shotokan Karate-Do & Fitness Studio',)","(u'Up to 83% off Martial Arts Classes',)","(u'https://www.groupon.com/deals/ronin-shotokan-karate-do-fitness-studio-2',)","([(u'East Flatbush', u'+17184340201')],)"
"(u'$150',)","(u'$29',)","(u'East Village Martial Arts',)","(u'Up to 84% off Martial Arts Classes',)","(u'https://www.groupon.com/deals/east-village-martial-arts',)","([],)"
"(u'$120',)","(u'$59',)","(u'Fallon Golf',)","(u'Up to 56% off Private Golf Training Sessions',)","(u'https://www.groupon.com/deals/fallon-golf',)","([(u'Edgewater', u'+12018034926')],)"
"(u'$50',)","(u'$19',)","(u'Tai Chi Academy of Northern New Jersey/Montclair',)","(u'Up to 72% off Tai Chi Classes',)","(u'https://www.groupon.com/deals/tai-chi-academy-of-northern-new-jersey-1',)","([(u'Tai Chi Academy of Northern New Jersey/Montclair', u'+19734962653'), (u'Montclair Heights', u''), (u'Montclair Heights', u'+19734952653')],)"
"(u'$90',)","(u'$15',)","(u'Fitness Kickboxing America',)","(u'Up to 86% off Kickboxing Classes',)","(u'https://www.groupon.com/deals/fitness-kickboxing-america-1-new-york',)","([],)"
"(u'$80',)","(u'$45',)","(u'Bridal Wars',)","(u'Up to 52% off Registration to Bridal Wars',)","(u'https://www.groupon.com/deals/bridal-wars-21',)","([(u'Nesconset', u'')],)"
"(u'$75',)","(u'$29',)","(u'Pouncing Tigers',)","(u'Up to 61% off Kickboxing Classes',)","(u'https://www.groupon.com/deals/pouncing-tigers-2',)","([(u'Harlem', u'+16464771421')],)"
"(u'$60',)","(u'$19',)","(u'DP Martial Arts Academy',)","(u'Up to 68% off Martial-Arts Classes',)","(u'https://www.groupon.com/deals/dp-martial-arts-academy',)","([(u'Westwood', u'+12016645260')],)"
"(u'$245',)","(u'$65',)","(u'Krav Maga Institute',)","(u'Up to 73% off Krav Maga Classes',)","(u'https://www.groupon.com/deals/krav-maga-institute-4',)","([],)"
"(u'$210',)","(u'$89',)","(u'Great Bear Golf Club',)","(u'Up to 60% off Golf Court Access',)","(u'https://www.groupon.com/deals/great-bear-golf-club',)","([(u'Bangor Central Historic District', u'+15702232000')],)"
"(u'$45',)","(u'$22',)","(u'Gladiators Boxing and Barbells',)","(u""Up to 51% off Children's Boxing Classes"",)","(u'https://www.groupon.com/deals/gladiators-boxing-barbells-1',)","([(u'Gladiators Boxing and Barbells', u'+19734169595')],)"
"(u'$100',)","(u'$39',)","(u'Shaolin Kung Fu Training Center',)","(u'Up to 66% off Kung Fu Lessons',)","(u'https://www.groupon.com/deals/shaolin-kung-fu-training-center',)","([(u'Chelsea', u'+12122427308')],)"
"(u'$30',)","(u'$18',)","(u'Tennis League Network',)","(u'Up to 40% off Tennis Partner Program',)","(u'https://www.groupon.com/deals/chitown-tennis-tennis-league-network',)","([],)"
"(u'$40',)","(u'$20',)","(u'TYR',)","(u'Up to 50% off Swimwear and Athletic Gear',)","(u'https://www.groupon.com/deals/tyr-sport-inc',)","([],)"
"(u'$39',)","(u'$20',)","(u""B.M. Kim's Taekwondo"",)","(u'Up to 49% off Martial Arts Classes & Uniform',)","(u'https://www.groupon.com/deals/b-m-kim-s-taekwondo',)","([],)"
"(u'$100',)","(u'$49',)","(u'',)","(u'',)","(u'https://www.groupon.com/deals/pulse-taekwondo-center',)","([(u'Astoria', u'+17184403233')],)"
"(u'$75',)","(u'$25',)","(u'',)","(u'',)","(u'https://www.groupon.com/deals/brooklyn-mixed-martial-arts',)","([(u'Brooklyn', u'+17186775979')],)"
"(u'$75',)","(u'$29',)","(u'',)","(u'',)","(u'https://www.groupon.com/deals/sportset-health-fitness-club-new-1',)","([(u'Rockville Centre', u'+15165368700')],)"
"(u'$100',)","(u'$19',)","(u'',)","(u'',)","(u'https://www.groupon.com/deals/brooklyn-martial-arts',)","([(u'Boerum Hill', u'+17184039026')],)"
"(u'$525',)","(u'$309',)","(u'',)","(u'',)","(u'https://www.groupon.com/deals/bridge-golf-learning-center',)","([(u'Central Harlem', u'+16464537488')],)"
"(u'$40',)","(u'$20',)","(u'',)","(u'',)","(u'https://www.groupon.com/deals/brooklyn-bike-doctor',)","([(u'Williamsburg', u'+17183023145')],)"
"(u'$90',)","(u'$14',)","(u'',)","(u'',)","(u'https://www.groupon.com/deals/america-s-finest-karate-kickboxing-academy',)","([],)"
"(u'$120',)","(u'$60',)","(u'',)","(u'',)","(u'https://www.groupon.com/deals/brooklyn-greens-1',)","([],)"
"(u'$80',)","(u'$25',)","(u'',)","(u'',)","(u'https://www.groupon.com/deals/cko-kickboxing-chatham-7',)","([],)"
"(u'$90',)","(u'$29.99',)","(u'',)","(u'',)","(u'https://www.groupon.com/deals/samurai-sword-class-nyc-1',)","([(u'East Harlem', u'+16465809532')],)"
"(u'$300',)","(u'$49',)","(u'',)","(u'',)","(u'https://www.groupon.com/deals/the-jiu-jitsu-mill',)","([],)"
"(u'$75',)","(u'$35',)","(u'',)","(u'',)","(u'https://www.groupon.com/deals/vertically-inclined',)","([(u'Vertically Inclined', u'+13473266748')],)"
"(u'$80',)","(u'$40',)","(u'',)","(u'',)","(u'https://www.groupon.com/deals/the-bicycle-store-2',)","([],)"
"(u'$79',)","(u'$39',)","(u'',)","(u'',)","(u'https://www.groupon.com/deals/brookdale-cycle',)","([(u'Brookdale', u'+19733388908')],)"
"(u'$35',)","(u'$20',)","(u'',)","(u'',)","(u'https://www.groupon.com/deals/queens-archery-6-14',)","([(u'Queens Archery', u'+17184611756')],)"
"(u'$175',)","(u'$80',)","(u'',)","(u'',)","(u'https://www.groupon.com/deals/gold-medal-gymnastics-14',)","([(u'Garden City', u'+15163573636')],)"
"(u'$50',)","(u'$20',)","(u'',)","(u'',)","(u'https://www.groupon.com/deals/karate-world-1-1',)","([(u'Karate World - Kenilworth', u'+19082410066')],)"
"(u'$188',)","(u'$89',)","(u'',)","(u'',)","(u'https://www.groupon.com/deals/island-s-end-golf',)","([(u""Island's End Golf"", u'+16314770777')],)"
"(u'$50',)","(u'$25',)","(u'',)","(u'',)","(u'https://www.groupon.com/deals/adel-s-international-karate-center-1',)","([],)"
"(u'$131',)","(u'$50',)","(u'',)","(u'',)","(u'https://www.groupon.com/deals/queens-gymnastics',)","([(u'Forest Hills', u'+17188131700')],)"
"(u'$199',)","(u'$29',)","(u'',)","(u'',)","(u'https://www.groupon.com/deals/east-coast-united-westchester-bjj-1',)","([(u'White Plains', u'')],)"
"(u'$100',)","(u'$29',)","(u'',)","(u'',)","(u'https://www.groupon.com/deals/zentai-martial-arts-and-fitness',)","([(u'Arlington', u'+12014315425')],)"
"(u'$120',)","(u'$19',)","(u'',)","(u'',)","(u'https://www.groupon.com/deals/taekwondo-1',)","([(u'Bayridge', u''), (u'Bensonhurst 3', u''), (u'Bensonhurst', u''), (u'Sheepshead Bay', u''), (u'Bayside', u''), (u'Bensonhurst 2', u''), (u'Sunset Park', u''), (u'College Point', u''), (u'Dyker Heights', u''), (u'Flushing', u'')],)"
"(u'$99',)","(u'$25',)","(u'',)","(u'',)","(u'https://www.groupon.com/deals/blue-water-divers-3',)","([(u'Holiday Inn- Saddle Brook', u'+12018433340')],)"
"(u'$125',)","(u'$19',)","(u'',)","(u'',)","(u'https://www.groupon.com/deals/champion-factory',)","([(u'Melrose', u'+16467031054')],)"
"(u'$215',)","(u'$19',)","(u'',)","(u'',)","(u'https://www.groupon.com/deals/united-taekwondo-center',)","([(u'Jackson Heights', u'+17185651633'), (u'Brooklyn', u'+17183848700'), (u'Woodhaven', u'+17182963900'), (u'Mapleton', u'+17182560466'), (u'Sunset Park', u'')],)"
"(u'$22',)","(u'$11',)","(u'',)","(u'',)","(u'https://www.groupon.com/deals/rental-bike-nyc-1',)","([(u'Rental Bike NYC', u'+19172832453')],)"
"(u'$129',)","(u'$39',)","(u'',)","(u'',)","(u'https://www.groupon.com/deals/brooklyn-bjj',)","([(u'Brooklyn Brazilian Jiu Jitsu', u''), (u'Brooklyn Brazilian Jiu Jitsu', u'+17184030067')],)"
"(u'$60',)","(u'$29',)","(u'',)","(u'',)","(u'https://www.groupon.com/deals/steve-sohn-s-ju-jitsu-concepts',)","([(u'Eastchester', u'+19147237818')],)"
"(u'$80',)","(u'$39',)","(u'',)","(u'',)","(u'https://www.groupon.com/deals/blue-ribbon-rythmics-3',)","([(u'Midwood', u'+13477570877')],)"
"(u'$93.75',)","(u'$19',)","(u'',)","(u'',)","(u'https://www.groupon.com/deals/little-tigers-martial-arts-program-1',)","([(u'Bensonhurst 3', u'+18777735425'), (u'Nassau', u'+18777735425'), (u'Carroll Gardens', u'+18777735425'), (u'Sunset Park', u'+18777735425'), (u'Dyler Heights', u'+18777735425'), (u'Sheepshead Bay', u'+18777735425'), (u'Bensonhurst 2', u'+18777735425'), (u'Bensonhurt 1', u'+18777735425'), (u'Bayridge', u'+18777735425')],)"
"(u'$55',)","(u'$14',)","(u'',)","(u'',)","(u'https://www.groupon.com/deals/t-c-e-fitness',)","([],)"
"(u'$75',)","(u'$29',)","(u'',)","(u'',)","(u'https://www.groupon.com/deals/tokey-hill-karate-nyc-2',)","([(u'Tokey Hill Karate NYC', u'+12128675008')],)"
"(u'$49',)","(u'$25',)","(u'',)","(u'',)","(u'https://www.groupon.com/deals/boxgroove-1',)","([],)"
"(u'$15',)","(u'$10',)","(u'',)","(u'',)","(u'https://www.groupon.com/deals/proday-1',)","([],)"
"(u'$250',)","(u'$29',)","(u'Ultimate MMA Academy',)","(u'Up to 88% off Mixed Martial-Arts Classes',)","(u'https://www.groupon.com/deals/ultimate-mma-academy',)","([(u'College Point', u'')],)"
"(u'$180',)","(u'$25',)","(u'Kickboxing Park Slope Brooklyn',)","(u'Up to 86% off Kickboxing Classes',)","(u'https://www.groupon.com/deals/kickboxing-park-slope-brooklyn',)","([(u'Kickboxing Arrochar', u'+17184087535'), (u'Yorkville', u''), (u'Hillcrest', u''), (u'Kickboxing Park Slope Brooklyn', u''), (u'Kickboxing Park Slope Brooklyn', u'+16312069065'), (u'Kickboxing Sunset Park', u'+16312069065')],)"
"(u'$90',)","(u'$15',)","(u'Kickboxing Kenilworth',)","(u'Up to 86% off Brazilian Jiu-Jitsu Classes',)","(u'https://www.groupon.com/deals/kickboxing-kenilworth-1',)","([],)"
"(u'$100',)","(u'$49',)","(u'Spartan Kickboxing & Fitness',)","(u'Up to 57% off Kickboxing Classes',)","(u'https://www.groupon.com/deals/spartan-kickboxing-fitness',)","([(u'Barnum Island', u'')],)"
"(u'$60',)","(u'$26.99',)","(u'The Fit Employee',)","(u'Up to 55% off Fitness and Conditioning Classes',)","(u'https://www.groupon.com/deals/the-fit-employee-1',)","([(u'The Fit Employee', u'')],)"
"(u'$125',)","(u'$25',)","(u'Nago Academy',)","(u'Up to 80% off Martial-Arts Packages',)","(u'https://www.groupon.com/deals/nago-academy-2',)","([],)"
"(u'$110',)","(u'$49',)","(u'Northeast Mountain Guiding',)","(u'Up to 57% off Rappelling',)","(u'https://www.groupon.com/deals/northeast-mountain-guiding-10-26',)","([(u'Catskill Park', u'')],)"
"(u'$299',)","(u'$20',)","(u'FIGHT2FITNESS',)","(u'Up to 93% off 30 Kickboxing & Fitness Classes',)","(u'https://www.groupon.com/deals/fight-2-fitness-41',)","([],)"
"(u'$22',)","(u'$11',)","(u'Brooklyn Bridge Bike Rent',)","(u'Up to 53% off Bike Rental',)","(u'https://www.groupon.com/deals/brooklyn-bridge-bike-rent-1',)","([(u'Financial District', u'+19172832453')],)"
"(u'$140',)","(u'$59',)","(u'Jon Manos and Adam Aronson at the Jon Manos Golf Academy',)","(u'Up to 58% off Private Golf Lessons',)","(u'https://www.groupon.com/deals/aronson-golf',)","([(u'Jon Manos Golf Academy', u'')],)"
"(u'$200',)","(u'$49',)","(u'Competitive Edge Athletics',)","(u'Up to 78% off Fitness Classes',)","(u'https://www.groupon.com/deals/competitive-edge-athletics',)","([(u'Port Washington', u'+15168016170')],)"
"(u'$100',)","(u'$59',)","(u'Centennial Golf Club',)","(u'Up to 43% off Golf with Cart and Range Balls',)","(u'https://www.groupon.com/deals/centennial-golf-club-seasonal-10',)","([(u'New Canaan', u'+18452255700')],)"
"(u'$30',)","(u'$17',)","(u'Sweatbox Gym',)","(u'Up to 43% off Boxing Lessons',)","(u'https://www.groupon.com/deals/sweatbox-gym',)","([],)"
"(u'$250',)","(u'$29',)","(u'Gracie Barra',)","(u'Up to 90% off 10 or 20 Martial-Arts Classes',)","(u'https://www.groupon.com/deals/gracie-barra-new-hyde-park',)","([],)"
"(u'$79.98',)","(u'$69.99',)","(u'Synchrony Financial Rock \u2018n\u2019 Roll Brooklyn Half Marathon',)","(u'Up to 12% off Rock \u2018n\u2019 Roll Half Marathon',)","(u'https://www.groupon.com/deals/gl-rock-n-roll-half-marathon-brooklyn',)","([(u'Packet Pickup: Jacob K. Javits Convention Center, Hall 1D', u'')],)"
"(u'$100',)","(u'$45',)","(u'Tiger Strong NYC',)","(u'Up to 59% off Martial Arts Classes',)","(u'https://www.groupon.com/deals/tiger-strong-nyc-1',)","([(u'Upper East Side', u'')],)"
"(u'$125',)","(u'$39',)","(u'Elements Athletics',)","(u'Up to 69% off Martial Arts Classes',)","(u'https://www.groupon.com/deals/elements-athletics-arts',)","([],)"
"(u'$150',)","(u'$45',)","(u'Headbanger Fitness',)","(u'Up to 70% off Cardio Kickboxing Classes',)","(u'https://www.groupon.com/deals/headbanger-fitness-3',)","([(u'Upper Roseville', u'+12018981724')],)"
"(u'$140',)","(u'$59',)","(u'Team Footprintz',)","(u'Up to 65% off Group Training',)","(u'https://www.groupon.com/deals/team-footprintz',)","([(u'The Garden School', u''), (u'Walter Bishop School', u'')],)"
"(u'$200',)","(u'$55',)","(u'Williamsburg Mixed Martial Arts',)","(u'Up to 72% off Grappling and Muay Thai Classes',)","(u'https://www.groupon.com/deals/williamsburg-mixed-martial-arts-6',)","([],)"
"(u'$277',)","(u'$20',)","(u'Jungle Gym Martial Arts New Rochelle',)","(u""Up to 93% off MMA or Women's Fitness Classes"",)","(u'https://www.groupon.com/deals/jungle-gym-martial-arts-new-rochelle',)","([(u'Downtown New Rochelle', u'+19143555955')],)"
"(u'$180',)","(u'$65',)","(u'My Gym Fresh Meadows',)","(u'Up to 67% off Gym Classes and Membership',)","(u'https://www.groupon.com/deals/my-gym-fresh-meadows-3',)","([(u'Jamaica Estates', u'+17183804599')],)"
"(u'$150',)","(u'$25',)","(u'Dragonfit Martial Arts',)","(u'Up to 84% off Martial Arts Classes and Uniform',)","(u'https://www.groupon.com/deals/dragonfit-martial-arts-1',)","([],)"
"(u'$75',)","(u'$39',)","(u'Dependable Fitness',)","(u'Up to 54% off Fitness Classes',)","(u'https://www.groupon.com/deals/dependable-fitness-2',)","([],)"
"(u'$80',)","(u'$29',)","(u'Ringsport',)","(u'Up to 69% off Muay Thai Kickboxing Classes',)","(u'https://www.groupon.com/deals/ringsport-muay-thai',)","([(u'Ringsport', u'+17183574813')],)"
"(u'$120',)","(u'$40',)","(u'Brighton Beach Wing Chun',)","(u'Up to 67% off Wing Chun Kung Fu Classes',)","(u'https://www.groupon.com/deals/brighton-beach-wing-chun-2',)","([(u'Brooklyn', u'+16464740324')],)"
"(u'$100',)","(u'$60',)","(u'JC Projects',)","(u'Up to 40% off Martial Arts',)","(u'https://www.groupon.com/deals/jc-projects-3',)","([(u'The Village', u'+19179436696')],)"
"(u'$100',)","(u'$36',)","(u'Nexus NYC Martial Arts & Fitness',)","(u'Up to 64% off Boxing or Kickboxing Classes',)","(u'https://www.groupon.com/deals/nexus-nyc-martial-arts-fitness',)","([],)"
"(u'$99',)","(u'$29',)","(u'New Generation Karate',)","(u'Up to 71% off Martial-Arts Classes',)","(u'https://www.groupon.com/deals/new-generation-karate',)","([(u'Franklin Square', u'+15164888700')],)"
"(u'$120',)","(u'$60',)","(u'New York Budokai',)","(u'Up to 51% off Japanese Sword-Fighting Classes',)","(u'https://www.groupon.com/deals/new-york-budokai-1',)","([(u'New York Budokai', u'')],)"
"(u'$99',)","(u'$50',)","(u'Kaizen Brazilian Jiu-Jitsu',)","(u'Up to 49% off Boxing / Kickboxing - Training',)","(u'https://www.groupon.com/deals/kaizen-brazilian-jiu-jitsu',)","([],)"
"(u'$90',)","(u'$25',)","(u'Jc Projects',)","(u'Up to 72% off Unlimited Classes',)","(u'https://www.groupon.com/deals/jc-projects-2',)","([(u'Jc Projects', u'')],)"
"(u'$80',)","(u'$21',)","(u'Martinez Martial Arts and Family Fitness Center',)","(u'Up to 74% off Unlimited Karate Classes',)","(u'https://www.groupon.com/deals/martinez-martial-arts-and-family-fitness-center-2',)","([(u'Martinez Martial Arts and Family Fitness Center', u'+19735729676')],)"
"(u'$75',)","(u'$14',)","(u'Fitness Kickboxing',)","(u'Up to 84% off Kickboxing Classes',)","(u'https://www.groupon.com/deals/fitness-kickboxing',)","([(u'Fitness Kickboxing', u'+15164194213'), (u'Fitness Kickboxing', u''), (u'Fitness Kickboxing', u'+18554227455')],)"
"(u'$185',)","(u'$20',)","(u'Gentle Art Studio - Lotus Club Brazilian Jiu Jitsu',)","(u'Up to 89% off Martial Arts Classes',)","(u'https://www.groupon.com/deals/lotus-club-brazilian-jiu-jitsu',)","([(u'Astoria', u'+17184069095')],)"
"(u'$40',)","(u'$20',)","(u'Next Level Prep NYC',)","(u'Up to 50% off Basketball-Skills Session',)","(u'https://www.groupon.com/deals/next-level-prep-nyc-1',)","([(u'Bayside', u'+19176608239')],)"
"(u'$210',)","(u'$20',)","(u'',)","(u'',)","(u'https://www.groupon.com/deals/kids-love-martial-arts-34-north-jersey',)","([(u'Rockaway Fight Center', u'+19739830807'), (u'Eagle Martial Arts', u'+19732638770'), (u'World Martial Arts Academy', u'+12019917000')],)"
"(u'$25',)","(u'$12',)","(u'',)","(u'',)","(u'https://www.groupon.com/deals/vertically-inclined-4',)","([(u'Vertically Inclined', u'+13473266748')],)"
"(u'$40',)","(u'$19',)","(u'',)","(u'',)","(u'https://www.groupon.com/deals/iga-golf-1',)","([],)"
"(u'$120',)","(u'$59',)","(u'',)","(u'',)","(u'https://www.groupon.com/deals/tumble-zone-7',)","([(u'Little Falls', u'+19738378877')],)"
"(u'$40',)","(u'$29',)","(u'',)","(u'',)","(u'https://www.groupon.com/deals/island-green-indoor-golf-and-instruction',)","([],)"
"(u'$205',)","(u'$39',)","(u'',)","(u'',)","(u'https://www.groupon.com/deals/moon-s-lee-evolution-martial-arts',)","([(u'Astoria', u'+17187269400')],)"
"(u'$140',)","(u'$50',)","(u'',)","(u'',)","(u'https://www.groupon.com/deals/omulu-capoeira-brooklyn-1',)","([(u'Capoeira Guanabara New York', u'+19179409321')],)"
"(u'$139',)","(u'$25',)","(u'',)","(u'',)","(u'https://www.groupon.com/deals/dae-han-tae-kwon-do',)","([],)"
"(u'$90',)","(u'$39',)","(u'',)","(u'',)","(u'https://www.groupon.com/deals/nexus-nyc-martial-arts-culture',)","([],)"
"(u'$277',)","(u'$20',)","(u'',)","(u'',)","(u'https://www.groupon.com/deals/jungle-gym-martial-arts',)","([(u'Unionport', u'+17186845138')],)"
"(u'$75',)","(u'$25',)","(u'',)","(u'',)","(u'https://www.groupon.com/deals/martinez-martial-arts-and-family-fitness-center-8',)","([(u'Upper Roseville', u'+19083681484')],)"
"(u'$60',)","(u'$15',)","(u'',)","(u'',)","(u'https://www.groupon.com/deals/lurie-fit',)","([],)"
"(u'$125',)","(u'$29',)","(u'',)","(u'',)","(u'https://www.groupon.com/deals/silver-fox-brazilian-jiu-jitsu',)","([(u'Saddle Brook', u'+12013986032')],)"
"(u'$310',)","(u'$35',)","(u'',)","(u'',)","(u'https://www.groupon.com/deals/park-slope-united-taekwondo',)","([],)"
"(u'$90',)","(u'$15',)","(u'',)","(u'',)","(u'https://www.groupon.com/deals/kickboxing-rockaway',)","([(u'Upper Vailsburg', u'+19082516772'), (u'Downtown Elizabeth', u'')],)"
"(u'$90',)","(u'$15',)","(u'',)","(u'',)","(u'https://www.groupon.com/deals/kickboxing-seaford-long-island',)","([],)"
"(u'$159',)","(u'$20',)","(u'',)","(u'',)","(u'https://www.groupon.com/deals/kai-next-level-x-treme-martial-arts',)","([(u'Howard Beach', u'+17183223960'), (u'Ozone Park', u'+17183223960')],)"
"(u'$110',)","(u'$25',)","(u'',)","(u'',)","(u'https://www.groupon.com/deals/okinawa-karate-kobudo-kai',)","([(u'Elmont', u'+15168370111')],)"
"(u'$80',)","(u'$29',)","(u'',)","(u'',)","(u'https://www.groupon.com/deals/international-judo-center-1',)","([(u'International Judo Center', u'+16467795836')],)"
"(u'$170',)","(u'$95',)","(u'',)","(u'',)","(u'https://www.groupon.com/deals/gateway-sports-pools',)","([(u'Bayside', u''), (u'Bayside', u'+17187765566')],)"
"(u'$85',)","(u'$26',)","(u'',)","(u'',)","(u'https://www.groupon.com/deals/hq-tennis-academy',)","([],)"
"(u'$95',)","(u'$44',)","(u'',)","(u'',)","(u'https://www.groupon.com/deals/northeast-mountain-guiding-14-30',)","([(u'Delaware Water Gap', u''), (u'Huntingdon Valley', u'+18484686735'), (u'Northeast Mountain Guiding', u'+18484686735'), (u'Bangor Central Historic District', u'+18484686735')],)"
"(u'$400',)","(u'$199',)","(u'',)","(u'',)","(u'https://www.groupon.com/deals/mad-sports-camp-1',)","([],)"
"(u'$50',)","(u'$25',)","(u'',)","(u'',)","(u'https://www.groupon.com/deals/hudson-valley-guides-1',)","([(u'Wurtsboro', u'+18457975592')],)"
"(u'$390',)","(u'$195',)","(u'',)","(u'',)","(u'https://www.groupon.com/deals/usa-twisterz',)","([(u'Fairfield', u'+18627023052')],)"
"(u'$160',)","(u'$69',)","(u'',)","(u'',)","(u'https://www.groupon.com/deals/golftcr-westchester-county',)","([(u'Spuyten Duyvil', u'+17187964653')],)"
"(u'$200',)","(u'$89',)","(u'',)","(u'',)","(u'https://www.groupon.com/deals/athletic-arts-academy-1',)","([(u'Lower Vailsburg', u'')],)"
"(u'$120',)","(u'$45',)","(u'',)","(u'',)","(u'https://www.groupon.com/deals/new-york-soccer-skills',)","([],)"
"(u'$250',)","(u'$125',)","(u'',)","(u'',)","(u'https://www.groupon.com/deals/usa-twisterz-1',)","([(u'Fairfield', u'+18627023052')],)"
"(u'$155',)","(u'$30',)","(u'',)","(u'',)","(u'https://www.groupon.com/deals/westchester-fight-club-2',)","([(u'Westchester Fight Club', u'+19143552618')],)"
"(u'$249.98',)","(u'$29',)","(u'',)","(u'',)","(u'https://www.groupon.com/deals/queens-mixed-martial-arts',)","([(u'Auburndale', u'+17187676627')],)"
"(u'$75',)","(u'$26',)","(u'',)","(u'',)","(u'https://www.groupon.com/deals/strong-fitness-nyc',)","([],)"
"(u'$130',)","(u'$20',)","(u'',)","(u'',)","(u'https://www.groupon.com/deals/amerikick-martial-arts-staten-island-1',)","([(u'Staten Island', u'+17183515100'), (u'Suffern', u'+16464418710'), (u'Staten Island', u'+17185240244'), (u'Brooklyn', u'+17187688200')],)"
"(u'$59.99',)","(u'$20',)","(u'',)","(u'',)","(u'https://www.groupon.com/deals/mvp-taekwondo-center',)","([(u'Botany Section', u'+12015569799')],)"
"(u'$220',)","(u'$20',)","(u'',)","(u'',)","(u'https://www.groupon.com/deals/animals-mma-yonkers-1',)","([(u'Bryn Mawr', u'')],)"
"(u'$90',)","(u'$14',)","(u'',)","(u'',)","(u'https://www.groupon.com/deals/bc-bjj-mma-academy-of-self-defense-1',)","([(u'ECF Elite Martial Arts & Fitness', u'')],)"
"(u'$250',)","(u'$69',)","(u'',)","(u'',)","(u'https://www.groupon.com/deals/rising-sun-academy-1-1',)","([(u'North End', u'+12014404466')],)"
"(u'$75',)","(u'$28.99',)","(u'',)","(u'',)","(u'https://www.groupon.com/deals/vizzio-s-institute-of-martial-arts-1-1',)","([],)"
"(u'$129',)","(u'$25',)","(u'',)","(u'',)","(u'https://www.groupon.com/deals/sidekick-martial-arts',)","([(u'Hasbrouck Heights', u'+12012880220')],)"
"(u'$90',)","(u'$15',)","(u'',)","(u'',)","(u'https://www.groupon.com/deals/kickboxing-midland-beach',)","([(u'Upper West Side', u'+16467804180'), (u'Hillcrest', u''), (u'Greenwood Heights', u'+17184087535'), (u'Kickboxing Smithtown', u'+16312069065')],)"
"(u'$149',)","(u'$49',)","(u'',)","(u'',)","(u'https://www.groupon.com/deals/brooklyn-bjj-bensonhurst',)","([],)"
"(u'$129',)","(u'$30',)","(u'',)","(u'',)","(u'https://www.groupon.com/deals/legacy-tae-kwon-do',)","([(u'Lodi', u'+19732499200')],)"
"(u'$110',)","(u'$47',)","(u'',)","(u'',)","(u'https://www.groupon.com/deals/aikido-of-south-brooklyn-1',)","([],)"
"(u'$50',)","(u'$19',)","(u'',)","(u'',)","(u'https://www.groupon.com/deals/shinsei-karate-do-fitness',)","([(u'University Heights', u'+19733375994')],)"
"(u'$59',)","(u'$19',)","(u'',)","(u'',)","(u'https://www.groupon.com/deals/nj-united-taekwondo-1',)","([],)"
"(u'$296',)","(u'$135',)","(u'',)","(u'',)","(u'https://www.groupon.com/deals/manchester-country-club-7',)","([(u'Manchester, VT', u'+18023622233')],)"
"(u'$90',)","(u'$39',)","(u'',)","(u'',)","(u'https://www.groupon.com/deals/shorinji-kempo-1-1',)","([],)"
"(u'$71.25',)","(u'$19',)","(u'',)","(u'',)","(u'https://www.groupon.com/deals/mayo-academy',)","([],)"
"(u'$119',)","(u'$49',)","(u'',)","(u'',)","(u'https://www.groupon.com/deals/nvma-norwood',)","([],)"
"(u'$90',)","(u'$15',)","(u'',)","(u'',)","(u'https://www.groupon.com/deals/kickboxing-new-york-city',)","([],)"
"(u'$120',)","(u'$45',)","(u'',)","(u'',)","(u'https://www.groupon.com/deals/center-point-for-martial-arts',)","([],)"
"(u'$225',)","(u'$125',)","(u'',)","(u'',)","(u'https://www.groupon.com/deals/steep-rock-bouldering-3',)","([(u'East Harlem', u'+12124107070')],)"
"(u'$239',)","(u'$29',)","(u'',)","(u'',)","(u'https://www.groupon.com/deals/usa-karate-fitness-1-8',)","([(u'USA Karate & Fitness', u''), (u'USA Karate & Fitness', u'+17329102090'), (u'USA Karate & Fitness', u'+18006796095')],)"
"(u'$129',)","(u'$39',)","(u'',)","(u'',)","(u'https://www.groupon.com/deals/brooklyn-bjj-cobble-hill',)","([],)"
"(u'$129',)","(u'$29',)","(u'',)","(u'',)","(u'https://www.groupon.com/deals/predator-wrestling-hybrid-martial-arts-1',)","([(u'Caldwell', u'+19735820040')],)"
"(u'$125',)","(u'$15',)","(u'',)","(u'',)","(u'https://www.groupon.com/deals/east-coast-united-bjj-mma-yoga',)","([(u'Kingsbridge', u'+19148824540')],)"
"(u'$84',)","(u'$19',)","(u'',)","(u'',)","(u'https://www.groupon.com/deals/satori-academy-of-martial-arts',)","([(u'Satori Academy East Brunswick', u'+17329643208'), (u'Satori Academy of Martial Arts', u'+19084971100'), (u'Satori Academy Edison', u'+17324942195'), (u'Satori Academy Ocean Township', u'+17324942163')],)"
"(u'$125',)","(u'$25',)","(u'',)","(u'',)","(u'https://www.groupon.com/deals/chinese-hawaiian-kenpo-academy',)","([],)"
"(u'$180',)","(u'$89',)","(u'',)","(u'',)","(u'https://www.groupon.com/deals/belmars-martial-arts-fitness',)","([],)"
"(u'$120',)","(u'$25',)","(u'',)","(u'',)","(u'https://www.groupon.com/deals/maru-taekwondo',)","([],)"
"(u'$95',)","(u'$59',)","(u'',)","(u'',)","(u'https://www.groupon.com/deals/genesis-tree-of-life-1',)","([(u'Forest Hills', u'')],)"
"(u'$99',)","(u'$25',)","(u'',)","(u'',)","(u'https://www.groupon.com/deals/lifestyle-mma-2',)","([(u'Astoria', u'+17186060065')],)"
"(u'$40',)","(u'$20',)","(u'',)","(u'',)","(u'https://www.groupon.com/deals/carlstadt-united-taekwondo',)","([],)"
"(u'$150',)","(u'$19',)","(u'',)","(u'',)","(u'https://www.groupon.com/deals/staten-island-judo-jujitsu-dojo-1',)","([(u'Lighthouse Hill', u'+17187172143')],)"
"(u'$150',)","(u'$75',)","(u'',)","(u'',)","(u'https://www.groupon.com/deals/break-the-tape',)","([],)"
"(u'$139',)","(u'$29',)","(u'',)","(u'',)","(u'https://www.groupon.com/deals/team-bullshark-1',)","([],)"
"(u'$90',)","(u'$39',)","(u'',)","(u'',)","(u'https://www.groupon.com/deals/englewood-krav-maga-1',)","([(u'Englewood', u'+12015679300')],)"
"(u'$46',)","(u'$26',)","(u'',)","(u'',)","(u'https://www.groupon.com/deals/breakaway-hoops-3',)","([],)"
"(u'$170',)","(u'$49',)","(u'',)","(u'',)","(u'https://www.groupon.com/deals/adel-s-international-karate-center-1-1',)","([],)"
"(u'$75',)","(u'$29',)","(u'',)","(u'',)","(u'https://www.groupon.com/deals/dynamic-martial-arts-academy-2',)","([],)"
"(u'$425',)","(u'$199',)","(u'',)","(u'',)","(u'https://www.groupon.com/deals/go-tennis-programs',)","([],)"
"(u'$210',)","(u'$49',)","(u'',)","(u'',)","(u'https://www.groupon.com/deals/silbers-martial-arts-1-1',)","([(u'Franklin Square', u'+15164855025')],)"
"(u'$65',)","(u'$29',)","(u'',)","(u'',)","(u'https://www.groupon.com/deals/blackbelt-taekwondo-center',)","([(u'Glendale', u'+17184178500'), (u'Middle Village', u'+17186723700')],)"
"(u'$369',)","(u'$159.99',)","(u'',)","(u'',)","(u'https://www.groupon.com/deals/rollgood-4',)","([],)"
"(u'$150',)","(u'$29',)","(u'',)","(u'',)","(u'https://www.groupon.com/deals/world-champion-doug-dewitt-boxing-1',)","([],)"
"(u'$90',)","(u'$14',)","(u'',)","(u'',)","(u'https://www.groupon.com/deals/kickboxing-east-village-1',)","([(u'Kickboxing Sunset Park', u'+16467804180')],)"
"(u'$180',)","(u'$39',)","(u'',)","(u'',)","(u'https://www.groupon.com/deals/kickboxing-kenilworth',)","([],)"
"(u'$20',)","(u'$10',)","(u'',)","(u'',)","(u'https://www.groupon.com/deals/elite-skills-11',)","([(u'P.S. 162 John Golden', u'+13476961989')],)"
"(u'$150',)","(u'$26',)","(u'',)","(u'',)","(u'https://www.groupon.com/deals/kickboxing-upper-east-side-nyc',)","([],)"
"(u'$120',)","(u'$19',)","(u'',)","(u'',)","(u'https://www.groupon.com/deals/grind-brazilian-jiujitsu',)","([],)"
"(u'$115',)","(u'$30',)","(u'',)","(u'',)","(u'https://www.groupon.com/deals/monkey-fist-mma',)","([],)"
"(u'$86.65',)","(u'$25',)","(u'',)","(u'',)","(u'https://www.groupon.com/deals/sovereign-martial-arts-2',)","([(u'Sovereign Martial Arts', u'+19734509900'), (u'Sovereign Martial Arts', u'+18777623656'), (u'Sovereign Martial Arts', u'')],)"
"(u'$90',)","(u'$25',)","(u'',)","(u'',)","(u'https://www.groupon.com/deals/church-street-boxing-gym-1-3',)","([(u'Tribeca', u'+12125711333'), (u'Tribeca', u'+12123432900')],)"
"(u'$150',)","(u'$59',)","(u'',)","(u'',)","(u'https://www.groupon.com/deals/charlotte-gould-private-coaching',)","([],)"
"(u'$90',)","(u'$15',)","(u'',)","(u'',)","(u'https://www.groupon.com/deals/kickboxing-rockville-centre',)","([(u'Kickboxing Rockville Centre', u''), (u'Kickboxing Rockville Centre', u'+15164194229'), (u'Kickboxing Suffern', u'+17184087535'), (u'Kickboxing Sunset Park', u'+17184087535'), (u'Merrick', u'+17184087535'), (u'Kickboxing Sunset Park', u'+16312069065'), (u'Kickboxing Rockville Centre', u'+16312069065'), (u'Kickboxing Park Slope Brooklyn', u'+16312069065'), (u'Kickboxing Sunset Park', u'+16467804180')],)"
"(u'$135',)","(u'$54',)","(u'',)","(u'',)","(u'https://www.groupon.com/deals/tm-baseball-academy',)","([(u'East Bronx', u'+13476570052')],)"
"(u'$240',)","(u'$20',)","(u'',)","(u'',)","(u'https://www.groupon.com/deals/grand-master-bm-kim-s-tae-kwon-do-1',)","([(u""Grand Master Byung Min Kim's Tae Kwon Do"", u'+19144280085')],)"
"(u'$80',)","(u'$20',)","(u'',)","(u'',)","(u'https://www.groupon.com/deals/chaos-camp',)","([],)"
"(u'$70',)","(u'$36',)","(u'',)","(u'',)","(u'https://www.groupon.com/deals/blue-dragon-school-of-martial-arts-7',)","([],)"
"(u'$25',)","(u'$14',)","(u'',)","(u'',)","(u'https://www.groupon.com/deals/metafit-complete',)","([],)"
"(u'$80',)","(u'$10',)","(u'',)","(u'',)","(u'https://www.groupon.com/deals/3-tiger-martial-arts-school-2',)","([(u'Boonton', u'+19733356800'), (u'Morris Plains', u'+19736055800')],)"
"(u'$198',)","(u'$119',)","(u'',)","(u'',)","(u'https://www.groupon.com/deals/acadia-mountain-guides-6-17',)","([(u'Bar Harbor', u'+12072888186')],)"
"(u'$170',)","(u'$39',)","(u'',)","(u'',)","(u'https://www.groupon.com/deals/miyazaki-shotokai-karate-dojo-inc-new-account',)","([],)"
"(u'$160',)","(u'$59',)","(u'',)","(u'',)","(u'https://www.groupon.com/deals/open-mat-fitness',)","([],)"
"(u'$75',)","(u'$35',)","(u'',)","(u'',)","(u'https://www.groupon.com/deals/nvma-norwood-1',)","([],)"
"(u'$125',)","(u'$49',)","(u'',)","(u'',)","(u'https://www.groupon.com/deals/traditional-karate-of-newark-llc-1-1',)","([],)"
"(u'$65',)","(u'$20',)","(u'',)","(u'',)","(u'https://www.groupon.com/deals/ben-hur-martial-arts',)","([],)"
"(u'$130',)","(u'$29',)","(u'',)","(u'',)","(u'https://www.groupon.com/deals/eagle-martial-arts-1',)","([(u'Boonton', u'+19732638770')],)"
"(u'$180',)","(u'$39',)","(u'',)","(u'',)","(u'https://www.groupon.com/deals/imperial-taekwondo-3',)","([(u'Gravesend', u'+19293339520')],)"
"(u'$169',)","(u'$55',)","(u'',)","(u'',)","(u'https://www.groupon.com/deals/rare-breed-mma',)","([(u'Forest Hill', u'+18625001512')],)"
"(u'$200',)","(u'$50',)","(u'',)","(u'',)","(u'https://www.groupon.com/deals/capoeira-training-center',)","([],)"
"(u'$159',)","(u'$69',)","(u'',)","(u'',)","(u'https://www.groupon.com/deals/glen-ridge-taekwon-do-1',)","([],)"
"(u'$50',)","(u'$28',)","(u'',)","(u'',)","(u'https://www.groupon.com/deals/elf-tennis-1',)","([(u'Upper West Side', u'+16319481103')],)"
"(u'$360',)","(u'$180',)","(u'',)","(u'',)","(u'https://www.groupon.com/deals/riverview-fencing-academy',)","([(u'Pompton Lakes', u'+19732164119')],)"
"(u'$95',)","(u'$35',)","(u'ABADA-Capoeira Bronx (ACBX) Cultural Arts Studio',)","(u'Up to 64% off Capoeira Classes',)","(u'https://www.groupon.com/deals/acbx-cultural-arts-studio',)","([(u'Bronx', u'+17188845000')],)"
"(u'$129',)","(u'$29',)","(u'Complete Martial Arts',)","(u'Up to 81% off Martial Arts Classes',)","(u'https://www.groupon.com/deals/complete-martial-arts',)","([(u'Rose land', u'+19734030045')],)"
"(u'$89',)","(u'$59',)","(u'Valley To Summit',)","(u'Up to 35% off Rock Climbing Adventures',)","(u'https://www.groupon.com/deals/valley-to-summit-9',)","([(u'Marietta', u''), (u'Jarrettsville', u''), (u'Boiling Springs', u''), (u'Birdsboro', u''), (u'Pipersville', u'')],)"
"(u'$40',)","(u'$20',)","(u'Nj United Taekwondo',)","(u'Up to 50% off Martial Arts',)","(u'https://www.groupon.com/deals/nj-united-taekwondo',)","([],)"
"(u'$100',)","(u'$30',)","(u'Ultimate Tae Kwon Do',)","(u""Up to 70% off Women's Kickboxing Lessons"",)","(u'https://www.groupon.com/deals/ultimate-tae-kwon-do',)","([(u'East Bronx', u'+17188222741')],)"
"(u'$150',)","(u'$75',)","(u""Vizzio's Institute Of Martial Arts"",)","(u'Up to 50% off Boxing Lessons',)","(u'https://www.groupon.com/deals/vizzio-s-institute-of-martial-arts',)","([],)"
"(u'$175',)","(u'$59',)","(u'Hoteikan Dojo',)","(u'Up to 68% off Martial Arts Classes',)","(u'https://www.groupon.com/deals/hoteikan-dojo',)","([(u'Brooklyn', u'+13472194485')],)"
"(u'$150',)","(u'$39',)","(u'Krav Maga NJ',)","(u'Up to 81% off Krav Maga Classes',)","(u'https://www.groupon.com/deals/krav-maga-nj-2-north-jersey',)","([(u'Riverside', u'+12017851000')],)"
"(u'$80',)","(u'$49',)","(u'Grand Master Chung Tae Kwon Do',)","(u'Up to 81% off Martial Arts Classes',)","(u'https://www.groupon.com/deals/grand-master-chung-tkd-usa-kids-2',)","([(u'Grand Master Chung Tae Kwon Do', u'+15163525425')],)"
"(u'$115',)","(u'$55',)","(u'Kanku Dai Zanshin Dojo',)","(u'Up to 64% off Karate Classes and Uniform',)","(u'https://www.groupon.com/deals/kanku-dai-zanshin-dojo',)","([],)"
"(u'$219',)","(u'$99',)","(u'Core Golf Performance',)","(u'Up to 66% off Golf and Swing Analysis',)","(u'https://www.groupon.com/deals/core-golf-performance',)","([],)"
"(u'$100',)","(u'$45',)","(u'Team Pure MMA',)","(u'Up to 61% off Martial-Arts Classes',)","(u'https://www.groupon.com/deals/teampure-mma-1',)","([],)"
"(u'$75',)","(u'$38',)","(u'Dento Teki Na Judo & Jujistu Dojo Of Staten Island New York',)","(u'Up to 49% off Martial Arts',)","(u'https://www.groupon.com/deals/dento-teki-na-judo-jujistu-dojo-of-staten-island-new-york',)","([(u'Dongan Hills', u'+17187341352')],)"
"(u'$125',)","(u'$19',)","(u'Tokey Hill Karate NYC',)","(u'Up to 85% off Karate Classes',)","(u'https://www.groupon.com/deals/tokey-hill-karate-nyc-3',)","([(u'Tokey Hill Karate NYC', u'+12128675008')],)"
"(u'$249',)","(u'$59',)","(u'Herten Family Martial Arts',)","(u'Up to 83% off Karate Classes with Uniform',)","(u'https://www.groupon.com/deals/herten-family-martial-arts-1',)","([(u'Totowa', u'+19736661159')],)"
"(u'$150',)","(u'$49',)","(u'The Art of Self Defense',)","(u'Up to 67% off Yoga & Group Fitness Classes',)","(u'https://www.groupon.com/deals/the-art-of-self-defense',)","([(u'Elmwood Park', u'')],)"
"(u'$249',)","(u'$19',)","(u'Pace Institute of Karate of Fairfield',)","(u'Up to 92% off Classes + Uniform',)","(u'https://www.groupon.com/deals/pace-institute-of-karate-of-fairfield',)","([],)"
"(u'$105',)","(u'$26',)","(u'Bronx Judo And Martial Arts',)","(u'Up to 75% off Martial-Arts Lessons',)","(u'https://www.groupon.com/deals/bronx-judo-and-martial-arts',)","([],)"
"(u'$120',)","(u'$35',)","(u'Complete Martial Arts',)","(u'Up to 71% off Martial Arts Classes for Kids',)","(u'https://www.groupon.com/deals/complete-martial-arts-1',)","([(u'Rose land', u'+19734030045')],)"
"(u'$39',)","(u'$19',)","(u'TMA KICKBOXING',)","(u'Up to 51% off Martial Arts Classes',)","(u'https://www.groupon.com/deals/tma-kickboxing',)","([],)"
"(u'$115',)","(u'$29',)","(u'United Taekwondo Center',)","(u'Up to 75% off Martial-Arts Lessons',)","(u'https://www.groupon.com/deals/united-taekwondo-center-3',)","([],)"
"(u'$90',)","(u'$39',)","(u'Shotokan Karate Studio of Self Defense',)","(u'Up to 57% off Zumba',)","(u'https://www.groupon.com/deals/shotokan-karate-studio-of-self-defense-gracie-jiu-jitsu-of-queens-1',)","([(u'Queens Village', u'+17187400950')],)"
"(u'$40',)","(u'$10',)","(u'Taekwon V Academy',)","(u'Up to 75% off Martial-Arts Lessons',)","(u'https://www.groupon.com/deals/taekwon-v-academy',)","([(u'Valley Stream', u'+15168251838')],)"
"(u'$160',)","(u'$85',)","(u'Long Island Tennis Coach',)","(u'Up to 47% off Tennis',)","(u'https://www.groupon.com/deals/long-island-tennis-coach',)","([],)"
"(u'$200',)","(u'$50',)","(u'Ingrid Vollset Boxing',)","(u'Up to 75% off Boxing Lessons',)","(u'https://www.groupon.com/deals/ingrid-vollset-boxing',)","([],)"
"(u'$200',)","(u'$92',)","(u'Blue Ribbon Rythmics',)","(u'Up to 54% off Gymnastics Classes',)","(u'https://www.groupon.com/deals/blue-ribbon-rythmics-2',)","([(u'Midwood', u'+13477570877')],)"
"(u'$75',)","(u'$32',)","(u'Dento Teki Na Judo & Jujistu Dojo Of Staten Island New York',)","(u'Up to 57% off Unlimited Martial Arts Classes',)","(u'https://www.groupon.com/deals/dento-teki-na-judo-jujistu-dojo-of-staten-island-new-york-1',)","([(u'Dongan Hills', u'+17187341352')],)"
"(u'$20',)","(u'$5',)","(u'Mallakhamb Federation USA',)","(u'Up to 75% off Gymnastics Class',)","(u'https://www.groupon.com/deals/mallakhamb-federation-usa-2',)","([(u'Newington', u'+16465983256'), (u'Spa Springs', u'+16465983256')],)"
"(u'$150',)","(u'$29',)","(u""Bressaw's Karate"",)","(u'Up to 81% off Karate Classes with Uniform',)","(u'https://www.groupon.com/deals/bressaw-s-karate',)","([(u'Fords', u'+17327387779'), (u'Edison', u'+19087579292')],)"
"(u'$90',)","(u'$15',)","(u'Kickboxing Port Jefferson',)","(u'Up to 86% off Kickboxing Classes',)","(u'https://www.groupon.com/deals/kickboxing-port-jefferson',)","([],)"
"(u'$300',)","(u'$25',)","(u""Grand Master BM Kim's Tae Kwon Do"",)","(u'Up to 92% off Ninja Birthday Party',)","(u'https://www.groupon.com/deals/grand-master-bm-kim-s-tae-kwon-do-2',)","([(u""Grand Master Byung Min Kim's Tae Kwon Do"", u'+19144280085')],)"
"(u'$90',)","(u'$15',)","(u'Kickboxing Elizabeth NJ',)","(u'Up to 86% off Kickboxing Classes',)","(u'https://www.groupon.com/deals/kickboxing-elizabeth-nj',)","([],)"
"(u'$148',)","(u'$29',)","(u'Kickboxing.com',)","(u'Up to 82% off Kickboxing Classes',)","(u'https://www.groupon.com/deals/kickboxing-com-2',)","([(u'Nanuet', u'+18456232002'), (u'Hillcrest', u'+18459871853'), (u'Deer Park', u'+16312420586'), (u'Oceanside', u'+15166685606'), (u'Eastern Brooklyn', u'+13476736611'), (u'Oakdale', u'+16317506202')],)"
"(u'$250',)","(u'$59',)","(u'',)","(u'',)","(u'https://www.groupon.com/deals/ck-chu-tai-chi-1',)","([(u'Theater District - Times Square', u'+12122217333')],)"
"(u'$250',)","(u'$99',)","(u'',)","(u'',)","(u'https://www.groupon.com/deals/k-tigers-usa-taekwondo-1',)","([],)"
"(u'$90',)","(u'$15',)","(u'',)","(u'',)","(u'https://www.groupon.com/deals/kickboxing-roselle-park',)","([],)"
"(u'$90',)","(u'$15',)","(u'',)","(u'',)","(u'https://www.groupon.com/deals/kickboxing-downtown-brooklyn',)","([],)"
"(u'$125',)","(u'$39',)","(u'',)","(u'',)","(u'https://www.groupon.com/deals/hoteikan-dojo-1',)","([(u'Brooklyn', u'+13472194485')],)"
"(u'$100',)","(u'$43',)","(u'',)","(u'',)","(u'https://www.groupon.com/deals/ginga-mundo-capoeira-brooklyn',)","([(u'Bedford - Stuyvesant', u'+19172753294')],)"
"(u'$75',)","(u'$29',)","(u'',)","(u'',)","(u'https://www.groupon.com/deals/extreme-muay-thai-kickboxing-jiu-jitsu-academy-2',)","([],)"
"(u'$201',)","(u'$99',)","(u'',)","(u'',)","(u'https://www.groupon.com/deals/shins-tae-kwon-do-martial-arts-1',)","([],)"
"(u'$20',)","(u'$10',)","(u'',)","(u'',)","(u'https://www.groupon.com/deals/sfmai-karate-nyc',)","([],)"
"(u'$200',)","(u'$39',)","(u'',)","(u'',)","(u'https://www.groupon.com/deals/martial-maxx',)","([],)"
"(u'$135',)","(u'$39',)","(u'',)","(u'',)","(u'https://www.groupon.com/deals/phil-ross-american-eagle-mma-2',)","([],)"
"(u'$49',)","(u'$25',)","(u'',)","(u'',)","(u'https://www.groupon.com/deals/tom-bryans-karate',)","([],)"
"(u'$70',)","(u'$35',)","(u'',)","(u'',)","(u'https://www.groupon.com/deals/shotokan-karate-do-academy',)","([],)"
"(u'$75',)","(u'$34',)","(u'',)","(u'',)","(u'https://www.groupon.com/deals/dp-martial-arts-krav-maga-academy',)","([],)"
"(u'$324',)","(u'$20',)","(u'',)","(u'',)","(u'https://www.groupon.com/deals/go2karate-87',)","([],)"
"(u'$80',)","(u'$20',)","(u'',)","(u'',)","(u'https://www.groupon.com/deals/high-voltage-gym-2',)","([],)"
"(u'$50',)","(u'$25',)","(u'',)","(u'',)","(u'https://www.groupon.com/deals/amped-mixed-martial-arts-of-east-hanover-1',)","([],)"
"(u'$15',)","(u'$5',)","(u'',)","(u'',)","(u'https://www.groupon.com/deals/delgado-karate-1',)","([(u'Van Nest', u'+17189041403')],)"
"(u'$35',)","(u'$20',)","(u'',)","(u'',)","(u'https://www.groupon.com/deals/aikido-westchester-ny-1-3',)","([(u'White Plains', u'')],)"
"(u'$99',)","(u'$19',)","(u'',)","(u'',)","(u'https://www.groupon.com/deals/2020-fitness-2',)","([(u'Botany Section', u'+13232157582')],)"
"(u'$165',)","(u'$59',)","(u'',)","(u'',)","(u'https://www.groupon.com/deals/traditional-okinawan-karate',)","([(u'Williamsburg', u'+17184189892')],)"
"(u'$50',)","(u'$25',)","(u'',)","(u'',)","(u'https://www.groupon.com/deals/woodhaven-martial-arts',)","([],)"
"(u'$65',)","(u'$30',)","(u'',)","(u'',)","(u'https://www.groupon.com/deals/latin-fever-dance-studio-3',)","([(u'Latin Fever on2 Dance Studio', u'+17186932488')],)"
"(u'$75',)","(u'$49',)","(u'',)","(u'',)","(u'https://www.groupon.com/deals/play4autism-foundation',)","([],)"
"(u'$60',)","(u'$30',)","(u'',)","(u'',)","(u'https://www.groupon.com/deals/rising-star-academy',)","([],)"
"(u'$150',)","(u'$60',)","(u'',)","(u'',)","(u'https://www.groupon.com/deals/ringsport-muay-thai-2',)","([(u'Whitestone', u'+17183574813')],)"
"(u'$20',)","(u'$10',)","(u'',)","(u'',)","(u'https://www.groupon.com/deals/the-rock-tae-kwon-do-1-1',)","([],)"
"(u'$185',)","(u'$59',)","(u'',)","(u'',)","(u'https://www.groupon.com/deals/fma-center-1',)","([(u'River Edge', u'+12012657000')],)"
"(u'$170',)","(u'$20',)","(u'',)","(u'',)","(u'https://www.groupon.com/deals/success-martial-arts-2',)","([],)"
"(u'$125',)","(u'$45',)","(u'',)","(u'',)","(u'https://www.groupon.com/deals/renzo-gracie-riverdale',)","([],)"
"(u'$75',)","(u'$38',)","(u'',)","(u'',)","(u'https://www.groupon.com/deals/the-edge-ultimate-martial-arts',)","([],)"
"(u'$129',)","(u'$39',)","(u'',)","(u'',)","(u'https://www.groupon.com/deals/gdsk-1',)","([],)"
"(u'$175',)","(u'$49',)","(u'',)","(u'',)","(u'https://www.groupon.com/deals/aikido-centers-of-new-jersey',)","([(u'Manasquan', u'+17322238838'), (u'South Paterson', u'+19732782454'), (u'Sparta', u'+19737264500'), (u'River Edge', u'+12017397139'), (u'Lancaster', u'+17174613494'), (u'East Hanover', u'+19735999300')],)"
"(u'$100',)","(u'$29',)","(u'',)","(u'',)","(u'https://www.groupon.com/deals/kuno-silat-academy-4',)","([],)"
"(u'$90',)","(u'$14',)","(u'',)","(u'',)","(u'https://www.groupon.com/deals/kickboxing-yonkers',)","([],)"
"(u'$85',)","(u'$39',)","(u'',)","(u'',)","(u'https://www.groupon.com/deals/passaic-bujinkan-buyu',)","([],)"
"(u'$200',)","(u'$50',)","(u'',)","(u'',)","(u'https://www.groupon.com/deals/east-coast-united-queens-academy-of-brazilian-jiu-jitsu-queens',)","([],)"
"(u'$140',)","(u'$9.99',)","(u'',)","(u'',)","(u'https://www.groupon.com/deals/traditional-karate-center-tkc-dojo-2',)","([],)"
"(u'$90',)","(u'$15',)","(u'',)","(u'',)","(u'https://www.groupon.com/deals/kickboxing-south-hackensack',)","([],)"
"(u'$70',)","(u'$35',)","(u'',)","(u'',)","(u'https://www.groupon.com/deals/wilderness-survival-24',)","([(u'Malta Avenue', u'+15187822377')],)"
"(u'$70',)","(u'$25',)","(u'',)","(u'',)","(u'https://www.groupon.com/deals/traditional-karate-of-newark-llc-1',)","([],)"
"(u'$100',)","(u'$35',)","(u'',)","(u'',)","(u'https://www.groupon.com/deals/warriors-taekwondo-martial-arts-academy',)","([],)"
"(u'$149',)","(u'$49',)","(u'',)","(u'',)","(u'https://www.groupon.com/deals/kempo-martial-arts-dojos-1',)","([(u'Levittown', u'+15167960320'), (u'Lindenhurst', u'+16313211386'), (u'Hauppauge', u'+16319793541'), (u'Franklin Square', u'+15163581649'), (u'Hicksville', u'+15165205110'), (u'Manorville', u'+16319098750'), (u'South Farmingdale', u'+15167536635'), (u'Valley Stream', u'+15162560003')],)"
"(u'$210',)","(u'$74',)","(u'',)","(u'',)","(u'https://www.groupon.com/deals/cultural-association-of-brazilian-arts',)","([],)"
"(u'$90',)","(u'$15',)","(u'',)","(u'',)","(u'https://www.groupon.com/deals/kickboxing-plainview',)","([],)"
"(u'$60',)","(u'$30',)","(u'The Bhakti Center',)","(u""Up to 50% off Men's Karate Classes"",)","(u'https://www.groupon.com/deals/the-bhakti-center',)","([],)"
"(u'$150',)","(u'$54',)","(u'Zenshin Martial Arts And Wellness Center',)","(u'Up to 64% off Unlimited Martial Arts Classes',)","(u'https://www.groupon.com/deals/zenshin-martial-arts-and-wellness-center',)","([],)"
"(u'$165',)","(u'$59',)","(u""America's Finest Karate Kick Boxing Academy"",)","(u'Up to 64% off Karate, Kickboxing, or Muay Thai',)","(u'https://www.groupon.com/deals/americas-finest-karate-kick-boxing-academy',)","([],)"
"(u'$18',)","(u'$9',)","(u'Centro Cultural Senzalade De Capoeira',)","(u'Up to 50% off Capoeira Class',)","(u'https://www.groupon.com/deals/centro-cultural-senzalade-de-capoeira',)","([],)"
"(u'$99',)","(u'$39',)","(u'DMG Fitness and Boxing',)","(u'Up to 64% off Gym Membership',)","(u'https://www.groupon.com/deals/dmg-fitness-and-boxing',)","([],)"
"(u'$199',)","(u'$100',)","(u'3rd Power Kenpo Self Defense',)","(u'Up to 50% off Martial Arts / Karate / MMA',)","(u'https://www.groupon.com/deals/3rd-power-kenpo-self-defense',)","([],)"
"(u'$69',)","(u'$35',)","(u'Anaconda Brazilian Jiu-Jitsu &Mixed Martial Arts Academy_',)","(u'Up to 49% off Martial Arts',)","(u'https://www.groupon.com/deals/anaconda-brazilian-jiu-jitsu-mixed-martial-arts-academy',)","([(u'Delawanna', u'+12014025668')],)"
"(u'$80',)","(u'$40',)","(u'Bloom Defensive Arts',)","(u'Up to 50% off Martial Arts',)","(u'https://www.groupon.com/deals/bloom-defensive-arts',)","([],)"
"(u'$90',)","(u'$15',)","(u'Kickboxing Arrochar',)","(u'Up to 86% off Kickboxing Classes',)","(u'https://www.groupon.com/deals/kickboxing-arrochar',)","([],)"
"(u'$499',)","(u'$85',)","(u'B.B.X. Academy',)","(u'Up to 83% off Boxing or Kickboxing Trainer',)","(u'https://www.groupon.com/deals/b-b-x-academy',)","([],)"
"(u'$150',)","(u'$45',)","(u'Harlem Tae Kwon Do',)","(u'Up to 78% off Tae Kwon Do Classes',)","(u'https://www.groupon.com/deals/harlem-tae-kwon-do',)","([],)"
"(u'$189',)","(u'$49',)","(u""Costanzo's Martial Arts"",)","(u""Up to 76% off Kids' Martial-Arts Classes"",)","(u'https://www.groupon.com/deals/costanzo-s-martial-arts',)","([],)"
"(u'$105',)","(u'$19',)","(u'Krav Maga Centers Of America',)","(u'Up to 82% off Krav Maga Classes',)","(u'https://www.groupon.com/deals/krav-maga-centers-of-america-6',)","([(u'Hanover', u'+12014867459')],)"
"(u'$35',)","(u'$15',)","(u""Ryu's Martial Arts"",)","(u'Up to 65% off Tae Kwon Do Classes',)","(u'https://www.groupon.com/deals/ryu-s-tae-kwon-do',)","([(u'Lynbrook', u'+15165962444')],)"
"(u'$100',)","(u'$39',)","(u'Nisie Goju-ryu Karate',)","(u'Up to 61% off Unlimited Martial-Arts Classes',)","(u'https://www.groupon.com/deals/nisie-goju-ryu-karate',)","([],)"
"(u'$240',)","(u'$95',)","(u'Unity Jiu Jitsu',)","(u'Up to 72% off Brazilian Jiu Jitsu Kids Classes',)","(u'https://www.groupon.com/deals/unity-jiu-jitsu-1',)","([(u'New York', u'+12122131613')],)"
"(u'$209',)","(u'$49',)","(u'Ridgewood Karate School',)","(u'Up to 77% off Martial Arts Classes',)","(u'https://www.groupon.com/deals/ridgewood-karate-academy',)","([],)"
"(u'$90',)","(u'$15',)","(u'',)","(u'',)","(u'https://www.groupon.com/deals/kickboxing-ronkonkoma',)","([],)"
"(u'$40',)","(u'$20',)","(u'',)","(u'',)","(u'https://www.groupon.com/deals/brazilian-performing-arts',)","([],)"
"(u'$135',)","(u'$19',)","(u'',)","(u'',)","(u'https://www.groupon.com/deals/s-pavlou-tae-kwon-do-1',)","([],)"
"(u'$180',)","(u'$99',)","(u'',)","(u'',)","(u'https://www.groupon.com/deals/martial-arts-usa-convert-7',)","([(u'Prospect Heights', u'+17182103190')],)"
"(u'$240',)","(u'$119',)","(u'',)","(u'',)","(u'https://www.groupon.com/deals/perfect-your-skills-247-2',)","([],)"
"(u'$90',)","(u'$15',)","(u'',)","(u'',)","(u'https://www.groupon.com/deals/kickboxing-sunsetpark',)","([],)"
"(u'$180',)","(u'$79',)","(u'',)","(u'',)","(u'https://www.groupon.com/deals/hidden-fist-mixed-martial-arts-academy',)","([],)"
"(u'$250',)","(u'$200',)","(u'',)","(u'',)","(u'https://www.groupon.com/deals/northern-valley-sports-academy-3',)","([(u'Getty Square', u'+12017503275')],)"
"(u'$175',)","(u'$80',)","(u'',)","(u'',)","(u'https://www.groupon.com/deals/revival-judo-1',)","([],)"
"(u'$22',)","(u'$10',)","(u'',)","(u'',)","(u'https://www.groupon.com/deals/united-tae-kwon-do-center',)","([(u'Fort Lee', u'+12012247800')],)"
"(u'$100',)","(u'$55',)","(u'',)","(u'',)","(u'https://www.groupon.com/deals/au-capoeira',)","([],)"
"(u'$80',)","(u'$39',)","(u'',)","(u'',)","(u'https://www.groupon.com/deals/eastern-mountain-sports-15-long-island',)","([],)"
"(u'$75',)","(u'$35',)","(u'',)","(u'',)","(u'https://www.groupon.com/deals/netta-s-martial-arts',)","([],)"
"(u'$150',)","(u'$69',)","(u'',)","(u'',)","(u'https://www.groupon.com/deals/capoeira-senzala-1',)","([],)"
"(u'$90',)","(u'$15',)","(u'',)","(u'',)","(u'https://www.groupon.com/deals/kickboxing-jersey-city',)","([],)"
"(u'$160',)","(u'$59',)","(u'',)","(u'',)","(u'https://www.groupon.com/deals/traditional-okinawan-karate-2',)","([],)"
"(u'$150',)","(u'$50',)","(u'',)","(u'',)","(u'https://www.groupon.com/deals/kt-taekwondo',)","([],)"
"(u'$150',)","(u'$49',)","(u'',)","(u'',)","(u'https://www.groupon.com/deals/tokey-hill-martial-arts-1',)","([],)"
"(u'$750',)","(u'$413',)","(u'',)","(u'',)","(u'https://www.groupon.com/deals/3point-plays-basketball-sports',)","([],)"
"(u'$140',)","(u'$63',)","(u'',)","(u'',)","(u'https://www.groupon.com/deals/fong-s-hung-ga-kung-fu-association',)","([],)"
"(u'$90',)","(u'$15',)","(u'',)","(u'',)","(u'https://www.groupon.com/deals/kickboxing-port-jefferson-long-island',)","([],)"
"(u'$150',)","(u'$75',)","(u'',)","(u'',)","(u'https://www.groupon.com/deals/pakua-martial-arts-fitness-of-brooklyn',)","([],)"
"(u'$100',)","(u'$39',)","(u'',)","(u'',)","(u'https://www.groupon.com/deals/american-studio-of-martial-arts-1',)","([],)"
"(u'$150',)","(u'$50',)","(u'',)","(u'',)","(u'https://www.groupon.com/deals/harmony-by-karate-1',)","([],)"
"(u'$200',)","(u'$70',)","(u'',)","(u'',)","(u'https://www.groupon.com/deals/j-c-tae-kwon-do',)","([],)"
"(u'$135',)","(u'$39',)","(u'',)","(u'',)","(u'https://www.groupon.com/deals/traditional-okinawan-martial-arts',)","([],)"
"(u'$125',)","(u'$35',)","(u'',)","(u'',)","(u'https://www.groupon.com/deals/east-coast-martial-arts-3',)","([],)"
"(u'$100',)","(u'$50',)","(u'',)","(u'',)","(u'https://www.groupon.com/deals/all-day-athletics',)","([(u'Delawanna', u'+16093888797')],)"
"(u'$139',)","(u'$59',)","(u'',)","(u'',)","(u'https://www.groupon.com/deals/dynamic-martial-arts-academy',)","([],)"
"(u'$130',)","(u'$39',)","(u'',)","(u'',)","(u'https://www.groupon.com/deals/taekwon-do-center',)","([],)"
"(u'$265',)","(u'$129',)","(u'',)","(u'',)","(u'https://www.groupon.com/deals/extreme-muay-thai-kickboxing-jiu-jitsu-academy-3',)","([],)"
"(u'$259',)","(u'$85',)","(u'',)","(u'',)","(u'https://www.groupon.com/deals/eztkd-martial-arts',)","([],)"
"(u'$150',)","(u'$75',)","(u'',)","(u'',)","(u'https://www.groupon.com/deals/family-martial-arts-studio',)","([],)"
"(u'$50',)","(u'$22',)","(u'',)","(u'',)","(u'https://www.groupon.com/deals/shunato-karate-fitness-center',)","([],)"
"(u'$60',)","(u'$33',)","(u'',)","(u'',)","(u'https://www.groupon.com/deals/rcma-fitness-llc',)","([(u'Bayonne', u'+12013609384')],)"
"(u'$450',)","(u'$49',)","(u'',)","(u'',)","(u'https://www.groupon.com/deals/montclair-bloomfield-fat-loss-3',)","([(u'Montclair Heights', u''), (u'Upper Vailsburg', u''), (u'Old Great Falls Historic District', u''), (u'Harmon Meadows', u'+19739968878'), (u'Delawanna', u''), (u'South Kearny', u''), (u'Montclair Heights', u'+19739968878'), (u'Delawanna', u'+19739968878'), (u'North Ironbound', u'+19739968878'), (u'North End', u''), (u'Allwood', u'+19739968878'), (u'Lower Roseville', u'+19739968878'), (u'Upper Roseville', u'+19739968878'), (u'Athenia', u'+19739968878'), (u'Forest Hill', u'+19739968878'), (u'Albion', u''), (u'Newark Central Business District', u''), (u'Northside', u''), (u'Lakeview', u'+19739968878'), (u'The Heights', u''), (u'Harmon Meadows', u''), (u'Upper West Side', u''), (u'Botany Section', u''), (u'Hamilton Heights', u''), (u'Hillcrest', u'')],)"
"(u'$120',)","(u'$54',)","(u'Xwm Kung Fu',)","(u'Up to 55% off Martial-Arts Lessons',)","(u'https://www.groupon.com/deals/xwm-kung-fu',)","([],)"
"(u'$125',)","(u'$63',)","(u'John Negron Academy',)","(u'Up to 50% off Boxing or Kickboxing Classes',)","(u'https://www.groupon.com/deals/john-negron-academy',)","([],)"
"(u'$71.25',)","(u'$19',)","(u'Mayo Martial Arts and Fitness',)","(u'Up to 86% off Kids Martial Arts Classes',)","(u'https://www.groupon.com/deals/mayo-kickboxing-mma-2',)","([],)"
"(u'$49',)","(u'$25',)","(u'Aikido Of Summit',)","(u'Up to 49% off Martial Arts Lesson',)","(u'https://www.groupon.com/deals/aikido-of-summit-1',)","([],)"
"(u'$90',)","(u'$15',)","(u'Kickboxing Howard Beach New York',)","(u'Up to 86% off Kickboxing',)","(u'https://www.groupon.com/deals/kickboxing-howard-beach-new-york',)","([],)"
"(u'$299',)","(u'$99',)","(u'Professional Tae Kwon Do School',)","(u'Up to 67% off Martial-Arts Lessons',)","(u'https://www.groupon.com/deals/professional-tae-kwon-do-school-1',)","([],)"
"(u'$90',)","(u'$15',)","(u'NE Kickboxing New Jersey',)","(u'Up to 86% off Kickboxing Classes',)","(u'https://www.groupon.com/deals/ne-kickboxing-new-jersey',)","([(u'NE Kickboxing New Jersey', u'+15164194232'), (u'NE Kickboxing New Jersey', u'')],)"
"(u'$200',)","(u'$110',)","(u'High Impact Martial Arts',)","(u'Up to 45% off Unlimited Martial Arts Classes',)","(u'https://www.groupon.com/deals/high-impact-martial-arts',)","([],)"
"(u'$45',)","(u'$20',)","(u'EGN International Karate Do',)","(u'Up to 56% off Unlimited Karate Classes',)","(u'https://www.groupon.com/deals/egn-international-karate-do',)","([],)"
"(u'$129',)","(u'$58',)","(u'Abrecea Brazilian Jiu-jitsu Martial Arts & Fitness',)","(u'Up to 55% off Brazilian Jiu-Jitsu Classes',)","(u'https://www.groupon.com/deals/abrecea-brazilian-jiu-jitsu-martial-arts-fitness',)","([],)"
"(u'$150',)","(u'$49',)","(u""Jeri's Shim Myung Do New York Center"",)","(u'Up to 67% off Martial-Arts Lessons',)","(u'https://www.groupon.com/deals/jeri-s-shim-myung-do-new-york-center',)","([],)"
"(u'$90',)","(u'$15',)","(u'Kickboxing East Village NYC',)","(u'Up to 86% off Kickboxing Classes',)","(u'https://www.groupon.com/deals/kickboxing-east-village-nyc',)","([],)"
"(u'$125',)","(u'$63',)","(u'Red Tiger Jiu Jitsu Ryu',)","(u'Up to 50% off Martial Arts Classes',)","(u'https://www.groupon.com/deals/red-tiger-jiu-jitsu-ryu',)","([],)"
"(u'$30',)","(u'$17',)","(u'Ra Senzala Capoeira',)","(u'Up to 43% off Groupon',)","(u'https://www.groupon.com/deals/ra-senzala-capoeira',)","([],)"
"(u'$190',)","(u'$85',)","(u'Devita Karate',)","(u'Up to 55% off Unlimited Martial Arts Classes',)","(u'https://www.groupon.com/deals/devita-karate',)","([],)"
"(u'$120',)","(u'$60',)","(u""Vigoroux's Martial Arts"",)","(u'Up to 50% off Unlimited Karate Classes',)","(u'https://www.groupon.com/deals/vigoroux-s-martial-arts-1',)","([],)"
"(u'$250',)","(u'$69',)","(u'The Martial Arts of Wellness',)","(u'Up to 80% off Healing Classes',)","(u'https://www.groupon.com/deals/the-martial-arts-of-wellness',)","([],)"
"(u'$150',)","(u'$75',)","(u'Nj Martial Arts Koga Ryu Ninjutsu Center',)","(u'Up to 50% off Martial Arts Lesson',)","(u'https://www.groupon.com/deals/nj-martial-arts-koga-ryu-ninjutsu-center',)","([],)"
"(u'$90',)","(u'$15',)","(u'Kickboxing Lynbrook Long Island',)","(u'Up to 86% off Kickboxing Classes',)","(u'https://www.groupon.com/deals/kickboxing-lynbrook-long-island',)","([],)"
"(u'$80',)","(u'$40',)","(u'Movement Arts R&D / JC Systema',)","(u'Up to 50% off Martial-Arts Lessons',)","(u'https://www.groupon.com/deals/movement-arts-r-d-jc-systema',)","([],)"
"(u'$90',)","(u'$15',)","(u'Martial Arts Fitness Kickboxing Centers',)","(u'Up to 86% off Martial-Arts Classes',)","(u'https://www.groupon.com/deals/martial-arts-fitness-kickboxing-centers',)","([],)"
"(u'$150',)","(u'$80',)","(u'Warriors Mma',)","(u'Up to 47% off Services',)","(u'https://www.groupon.com/deals/warriors-mma',)","([],)"
"(u'$99',)","(u'$45',)","(u'Aikido Of Summit',)","(u'Up to 55% off Martial Arts Lesson',)","(u'https://www.groupon.com/deals/aikido-of-summit',)","([],)"
"(u'$140',)","(u'$63',)","(u'Traditional Okinawan Karate Of Pleasant Valley',)","(u'Up to 55% off Martial Arts',)","(u'https://www.groupon.com/deals/traditional-okinawan-karate-of-pleasant-valley',)","([],)"
"(u'$119',)","(u'$65',)","(u'Dragonfit Martial Arts',)","(u'Up to 45% off Groupon',)","(u'https://www.groupon.com/deals/dragonfit-martial-arts-2',)","([],)"
"(u'$19',)","(u'$10',)","(u'Tri Tkd Inc',)","(u'Up to 47% off Martial Arts Classes',)","(u'https://www.groupon.com/deals/tri-tkd-inc',)","([],)"
"(u'$250',)","(u'$70',)","(u'Xiaolin Martial Arts',)","(u'Up to 72% off Unlimited Martial Arts Classes',)","(u'https://www.groupon.com/deals/xiaolin-martial-arts',)","([],)"
"(u'$100',)","(u'$50',)","(u'Eagle Taekwondo Academy',)","(u'Up to 50% off Martial Arts / Karate / MMA',)","(u'https://www.groupon.com/deals/eagle-taekwondo-academy-1',)","([],)"
"(u'$189',)","(u'$95',)","(u'Jones Ultimate Mma',)","(u'Up to 50% off Classes',)","(u'https://www.groupon.com/deals/jones-ultimate-mma',)","([],)"
"(u'$165',)","(u'$59',)","(u'',)","(u'',)","(u'https://www.groupon.com/deals/full-element-martial-arts',)","([],)"
"(u'$180',)","(u'$28',)","(u'',)","(u'',)","(u'https://www.groupon.com/deals/kickboxing-orange-city',)","([],)"
"(u'$69',)","(u'$35',)","(u'',)","(u'',)","(u'https://www.groupon.com/deals/passaic-bjj-and-boxing-1',)","([],)"
"(u'$175',)","(u'$88',)","(u'',)","(u'',)","(u'https://www.groupon.com/deals/brazilian-mixed-martial-arts',)","([],)"
"(u'$190',)","(u'$57',)","(u'',)","(u'',)","(u'https://www.groupon.com/deals/united-tma',)","([],)"
"(u'$125',)","(u'$69',)","(u'',)","(u'',)","(u'https://www.groupon.com/deals/sweet-spot-golf',)","([],)"
"(u'$250',)","(u'$49',)","(u'',)","(u'',)","(u'https://www.groupon.com/deals/fit-x-6',)","([(u'Upper Vailsburg', u''), (u'Old Great Falls Historic District', u''), (u'Harmon Meadows', u''), (u'Delawanna', u''), (u'South Kearny', u''), (u'Montclair Heights', u''), (u'Delawanna', u'+19739968878'), (u'Forest Hill', u''), (u'Botany Section', u''), (u'North End', u''), (u'Northside', u''), (u'Upper Roseville', u''), (u'Athenia', u''), (u'Forest Hill', u'+19739968878'), (u'Newark', u''), (u'Newark Central Business District', u''), (u'Albion', u''), (u'East Orange', u''), (u'The Heights', u''), (u'Upper West Side', u''), (u'North Ironbound', u''), (u'Hamilton Heights', u''), (u'Hillcrest', u''), (u'Nutley', u'')],)"
"(u'$90',)","(u'$15',)","(u'',)","(u'',)","(u'https://www.groupon.com/deals/kickboxing-howard-beach',)","([(u'Monkey Fist MMA', u'+17184087535'), (u'Kickboxing Suffern', u'+17184087535'), (u'Kickboxing Sunset Park', u'+17184087535'), (u'Kickboxing Suffern', u'+15164194218'), (u'Kickboxing Howard Beach', u''), (u'Kickboxing Sunset Park', u'+16467804180')],)"
"(u'$40',)","(u'$20',)","(u'',)","(u'',)","(u'https://www.groupon.com/deals/dragon-elite-taekwondo',)","([],)"
"(u'$199',)","(u'$100',)","(u'',)","(u'',)","(u'https://www.groupon.com/deals/shim-s-martial-arts-academy',)","([],)"
"(u'$165',)","(u'$87',)","(u'',)","(u'',)","(u'https://www.groupon.com/deals/defencelab-lynbrook',)","([],)"
"(u'$99',)","(u'$50',)","(u'',)","(u'',)","(u'https://www.groupon.com/deals/web-star-recruits',)","([],)"
"(u'$600',)","(u'$330',)","(u'',)","(u'',)","(u'https://www.groupon.com/deals/nypsl',)","([],)"
"(u'$99',)","(u'$35',)","(u'',)","(u'',)","(u'https://www.groupon.com/deals/professional-tae-kwon-do-school-2',)","([],)"
"(u'$600',)","(u'$210',)","(u'',)","(u'',)","(u'https://www.groupon.com/deals/coney-island-cyclones',)","([],)"
"(u'$500',)","(u'$275',)","(u'',)","(u'',)","(u'https://www.groupon.com/deals/movements-n-motion-1',)","([],)"
"(u'$100',)","(u'$49',)","(u'',)","(u'',)","(u'https://www.groupon.com/deals/team-focus-1',)","([],)"
"(u'$230',)","(u'$99',)","(u'',)","(u'',)","(u'https://www.groupon.com/deals/silent-thunder-martial-arts',)","([],)"
"(u'$130',)","(u'$56',)","(u'',)","(u'',)","(u'https://www.groupon.com/deals/ibk-karate-inc',)","([],)"
"(u'$15',)","(u'$8',)","(u'',)","(u'',)","(u'https://www.groupon.com/deals/cheer-music-factory',)","([],)"
"(u'$75',)","(u'$40',)","(u'',)","(u'',)","(u'https://www.groupon.com/deals/ginga-capoeira-usa-1',)","([],)"
"(u'$150',)","(u'$89',)","(u'',)","(u'',)","(u'https://www.groupon.com/deals/explosive-training-systems',)","([],)"
"(u'$90',)","(u'$15',)","(u'',)","(u'',)","(u'https://www.groupon.com/deals/kickboxing-island-park',)","([],)"
"(u'$90',)","(u'$15',)","(u'',)","(u'',)","(u'https://www.groupon.com/deals/kickboxing-smithtown',)","([],)"
"(u'$90',)","(u'$15',)","(u'',)","(u'',)","(u'https://www.groupon.com/deals/kickboxing-nanuet',)","([(u'Kickboxing Nanuet', u''), (u'Kickboxing Nanuet', u'+16467804180')],)"
"(u'$100',)","(u'$49',)","(u'',)","(u'',)","(u'https://www.groupon.com/deals/ctm-dreams',)","([],)"
"(u'$760',)","(u'$266',)","(u'',)","(u'',)","(u'https://www.groupon.com/deals/central-brooklyn-tennis-1',)","([],)"
"(u'$220',)","(u'$95',)","(u'',)","(u'',)","(u'https://www.groupon.com/deals/brazilian-capoeira-nyc-1',)","([],)"
"(u'$130',)","(u'$72',)","(u'',)","(u'',)","(u'https://www.groupon.com/deals/up-top-martial-arts-academy',)","([],)"
"(u'$150',)","(u'$67',)","(u'',)","(u'',)","(u'https://www.groupon.com/deals/eh-fitness',)","([],)"
"(u'$125',)","(u'$56',)","(u'',)","(u'',)","(u'https://www.groupon.com/deals/delgado-karate',)","([(u'Van Nest', u'+17189041403')],)"
"(u'$150',)","(u'$83',)","(u'',)","(u'',)","(u'https://www.groupon.com/deals/power-moves-gymnastics-and-fitness',)","([(u'Queens Village', u'+13477096788')],)"
"(u'$60',)","(u'$30',)","(u'',)","(u'',)","(u'https://www.groupon.com/deals/brooklyn-gymnastics-and-dance',)","([],)"
"(u'$215',)","(u'$107',)","(u'',)","(u'',)","(u'https://www.groupon.com/deals/push-fitness-of-westchester-inc-6',)","([],)"
"(u'$60',)","(u'$29',)","(u'',)","(u'',)","(u'https://www.groupon.com/deals/junior-sports-nj',)","([],)"
"(u'$150',)","(u'$69',)","(u'',)","(u'',)","(u'https://www.groupon.com/deals/wilderness-survival-23',)","([(u'Gansevoort NY', u'+15187822377')],)"
"(u'$150',)","(u'$59',)","(u'',)","(u'',)","(u'https://www.groupon.com/deals/wilderness-survival-17',)","([(u'Gansevoort NY', u'+15187822377')],)"
"(u'$189',)","(u'$19',)","(u""Musuko's Champion Factory"",)","(u'Up to 91% off Martial Arts or Fitness Classes',)","(u'https://www.groupon.com/deals/mcf-jits-mansion',)","([(u""Musuko's Champion Factory"", u'+16467031054')],)"
"(u'$90',)","(u'$15',)","(u'Kickboxing West Islip',)","(u'Up to 86% off Kickboxing Classes',)","(u'https://www.groupon.com/deals/kickboxing-west-islip',)","([(u'Ozone Park', u''), (u'Howard Beach', u''), (u'West Islip', u'+15164194230'), (u'Kickboxing East Islip', u'')],)"
"(u'$120',)","(u'$19.99',)","(u'ARES 500 Soccer',)","(u'Up to 85% off Soccer Lessons for Kids',)","(u'https://www.groupon.com/deals/ares-500-kickboxing-and-martial-arts',)","([(u'Van Cortland Park', u'')],)"
"(u'$125',)","(u'$29',)","(u'Spirit Taekwondo',)","(u'Up to 77% off Martial-Arts Classes',)","(u'https://www.groupon.com/deals/spirit-taekwondo',)","([(u'Spirit Taekwondo', u'+17186280555')],)"
"(u'$199',)","(u'$35',)","(u'Sovereign Martial Arts',)","(u'Up to 82% off Martial-Arts or Fitness Classes',)","(u'https://www.groupon.com/deals/sovereign-martial-arts-3',)","([(u'Sovereign Martial Arts', u'+19734509900'), (u'Sovereign Martial Arts', u'+18777623656'), (u'Clifton', u'+18777623656'), (u'Sovereign Martial Arts', u'')],)"
"(u'$125',)","(u'$29',)","(u'Vforce Scientific Fighting Concepts',)","(u'Up to 80% off Street Self-Defense Classes',)","(u'https://www.groupon.com/deals/vforce-scientific-fighting-concepts',)","([(u'Franklin Square', u'+13475513498')],)"
"(u'$189',)","(u'$39',)","(u'Budokan Martial Arts Academy',)","(u'Up to 84% off Kickboxing',)","(u'https://www.groupon.com/deals/budokan-martial-arts-academy',)","([],)"
"(u'$240',)","(u'$119',)","(u'Perfect Your Skills 247',)","(u'Up to 57% off Basketball Training',)","(u'https://www.groupon.com/deals/perfect-your-skills-247-1',)","([],)"
"(u'$120',)","(u'$60',)","(u'Kids in Condition',)","(u""Up to 68% off Kids' Sports Camp"",)","(u'https://www.groupon.com/deals/kids-in-condition',)","([],)"
"(u'$174',)","(u'$49',)","(u'Elite Black Belt Academy',)","(u'Up to 72% off Martial-Arts Program',)","(u'https://www.groupon.com/deals/elite-black-belt-academy-1-3',)","([(u'South Paterson', u'+19736539974')],)"
"(u'$247',)","(u'$124',)","(u'Thedojo',)","(u'Up to 50% off Martial Arts Classes',)","(u'https://www.groupon.com/deals/thedojo',)","([],)"
"(u'$150',)","(u'$53',)","(u'Asian American Martial Arts',)","(u'Up to 65% off Martial-Arts Lessons',)","(u'https://www.groupon.com/deals/asian-american-martial-arts',)","([],)"
"(u'$100',)","(u'$49',)","(u'Capoeira Performance Arts',)","(u'Up to 51% off Capoeira Classes',)","(u'https://www.groupon.com/deals/capoeira-performance-arts',)","([],)"
"(u'$189',)","(u'$49',)","(u'Legend Shotokan Karate',)","(u'Up to 74% off Karate Classes',)","(u'https://www.groupon.com/deals/legend-shotokan-karate-2',)","([],)"
"(u'$99',)","(u'$45',)","(u'Giron Martial Arts',)","(u'Up to 55% off Martial Arts Lesson',)","(u'https://www.groupon.com/deals/giron-martial-arts',)","([],)"
"(u'$99',)","(u'$45',)","(u'Passaic BJJ and Boxing',)","(u'Up to 55% off Martial Arts',)","(u'https://www.groupon.com/deals/passaic-bjj-and-boxing',)","([],)"
"(u'$20',)","(u'$10',)","(u'Elite Skills',)","(u'Up to 52% off Youth Basketball Training',)","(u'https://www.groupon.com/deals/elite-skills-1',)","([(u'P.S. 213', u'+13476961989')],)"
"(u'$130',)","(u'$39',)","(u'ATA Black Belt Academy',)","(u'Up to 70% off Martial-Arts Classes',)","(u'https://www.groupon.com/deals/ata-black-belt-academy-1-1',)","([],)"
"(u'$40',)","(u'$25',)","(u""Shin's Tae Kwon Do"",)","(u'Up to 44% off Kickboxing/Self-Defense Classes',)","(u'https://www.groupon.com/deals/shins-tae-kwon-do-martial-arts',)","([],)"
"(u'$100',)","(u'$50',)","(u'CAQ - Gowanus',)","(u'Up to 50% off Martial Arts / Karate / MMA',)","(u'https://www.groupon.com/deals/caq-gowanus',)","([],)"
"(u'$139',)","(u'$39',)","(u'World Class Martial Arts Belleville',)","(u'Up to 73% off Gym Membership',)","(u'https://www.groupon.com/deals/world-class-martial-arts-belleville',)","([(u'Belleville', u'+19738440094')],)"
"(u'$195',)","(u'$35',)","(u'Bill Stevens Karate',)","(u'Up to 82% off Martial Arts',)","(u'https://www.groupon.com/deals/bill-stevens-karate',)","([(u'Riverside', u'+12013277702')],)"
"(u'$129',)","(u'$39',)","(u'Brooklyn Brazilian Jiu Jitsu',)","(u'Up to 72% off Kickboxing Lesson',)","(u'https://www.groupon.com/deals/brooklyn-bjj-1',)","([(u'Brooklyn Brazilian Jiu Jitsu', u'+17183315487')],)"
"(u'$80',)","(u'$24',)","(u'Victory Martial Arts',)","(u'Up to 70% off Groupon',)","(u'https://www.groupon.com/deals/victory-martial-arts-6-12',)","([],)"
"(u'$125',)","(u'$35',)","(u'Krav Maga NJ, LLC',)","(u""Up to 80% off Kids' Krav Maga Classes"",)","(u'https://www.groupon.com/deals/krav-maga-north-jersey-2',)","([(u'Riverside', u'+12017851000')],)"
"(u'$75',)","(u'$29',)","(u'DePasquale Ju-Jitsu',)","(u'Up to 70% off Mixed-Martial Arts Classes',)","(u'https://www.groupon.com/deals/depasquale-ju-jitsu',)","([],)"
"(u'$139',)","(u'$29',)","(u'FSA Martial Arts',)","(u'Up to 81% off Jiu Jitsu or Kung Fu Classes',)","(u'https://www.groupon.com/deals/fsa-martial-arts',)","([(u'Baldwin', u'+15162327976')],)"
"(u'$80',)","(u'$29',)","(u'Perception Sword Academy',)","(u'Up to 64% off Martial-Arts Lessons',)","(u'https://www.groupon.com/deals/perception-sword-academy',)","([],)"
"(u'$110',)","(u'$39',)","(u'Charles Water Karate & Fitness',)","(u'Up to 78% off Karate Classes',)","(u'https://www.groupon.com/deals/charles-water-karate-fitness-1',)","([],)"
"(u'$150',)","(u'$75',)","(u'',)","(u'',)","(u'https://www.groupon.com/deals/aikido-kokikai-of-queens-1',)","([],)"
"(u'$69',)","(u'$29',)","(u'',)","(u'',)","(u'https://www.groupon.com/deals/vizzio-s-institute-of-martial-arts-1',)","([],)"
"(u'$375',)","(u'$185',)","(u'',)","(u'',)","(u'https://www.groupon.com/deals/brighton-beach-wing-chun-3',)","([(u'Brooklyn', u'+16464740324')],)"
"(u'$675',)","(u'$236',)","(u'Coney Island Cyclones',)","(u'Up to 65% off Sports Camp',)","(u'https://www.groupon.com/deals/coney-island-cyclones-1',)","([],)"
"(u'$75',)","(u'$55',)","(u'BREAKAWAY HOOPS',)","(u'Up to 27% off Sports Camp',)","(u'https://www.groupon.com/deals/breakaway-hoops',)","([],)"
"(u'$200',)","(u'$100',)","(u'United Sports League',)","(u'Up to 50% off Basketball',)","(u'https://www.groupon.com/deals/united-sports-league',)","([],)"
"(u'$180',)","(u'$49',)","(u'Karate World',)","(u'Up to 73% off Martial-Arts Classes',)","(u'https://www.groupon.com/deals/karate-world-2',)","([(u'Karate World - Kenilworth', u'+19082410066')],)"
"(u'$20',)","(u'$10',)","(u'Endless Summer Volleyball',)","(u'Up to 50% off Volleyball Session',)","(u'https://www.groupon.com/deals/endless-summer-volleyball-1',)","([(u'Oceanside', u'+15167641555')],)"
"(u'$205',)","(u'$59',)","(u'Family Martial Arts Center LLC',)","(u'Up to 71% off Karate Classes and Uniform',)","(u'https://www.groupon.com/deals/family-martial-arts-center-llc-2',)","([(u'Family Martial Arts Center', u'+19735753478')],)"
"(u'$165',)","(u'$49',)","(u'New Paltz Karate Academy',)","(u'Up to 71% off Karate Classes for One or Two',)","(u'https://www.groupon.com/deals/new-paltz-karate-academy-1',)","([],)"
"(u'$60',)","(u'$24',)","(u'Longview Academy Of Extreme Martial Arts',)","(u'Up to 60% off Unlimited Martial Arts Classes',)","(u'https://www.groupon.com/deals/longview-academy-of-extreme-martial-arts',)","([],)"
"(u'$110',)","(u'$90',)","(u'JON MANOS GOLF ACADEMY',)","(u'Up to 18% off Golf Lessons',)","(u'https://www.groupon.com/deals/jon-manos-golf-academy',)","([],)"
"(u'$100',)","(u'$30',)","(u'Beacon Jiu-Jitsu',)","(u'Up to 70% off Martial Arts',)","(u'https://www.groupon.com/deals/beacon-jiu-jitsu',)","([],)"
"(u'$90',)","(u'$15',)","(u'Fitness Kickboxing America',)","(u'Up to 86% off Fitness-Kickboxing Classes',)","(u'https://www.groupon.com/deals/kickboxing-ozone-park',)","([],)"
"(u'$120',)","(u'$66',)","(u'The Box & Fitness Factory',)","(u'Up to 45% off Boxing Lessons',)","(u'https://www.groupon.com/deals/the-box-fitness-factory',)","([],)"
"(u'$100',)","(u'$35',)","(u'Us Worldwide Soccer',)","(u'Up to 65% off Football Lessons',)","(u'https://www.groupon.com/deals/us-worldwide-soccer',)","([],)"
"(u'$180',)","(u'$69',)","(u'Toshindo Karate & Fitness Center',)","(u'Up to 72% off Karate Classes',)","(u'https://www.groupon.com/deals/toshindo-karate-fitness-center',)","([],)"
"(u'$109',)","(u'$49',)","(u""Union's United Taekwondo Academy"",)","(u'Up to 55% off Martial Arts Lesson',)","(u'https://www.groupon.com/deals/union-s-united-taekwondo-academy',)","([],)"
"(u'$588',)","(u'$19',)","(u'e-Careers',)","(u'Up to 97% off Online Bike Maintenance Course',)","(u'https://www.groupon.com/deals/e-careers-1200',)","([],)"
"(u'$95',)","(u'$52',)","(u'Wise Basketball Training',)","(u'Up to 45% off Basketball',)","(u'https://www.groupon.com/deals/wise-basketball-training',)","([],)"
"(u'$60',)","(u'$30',)","(u'Young World Ballers',)","(u'Up to 50% off Basketball',)","(u'https://www.groupon.com/deals/young-world-ballers',)","([],)"
"(u'$300',)","(u'$150',)","(u'RunPainFree',)","(u""Up to 50% off Runner's Training"",)","(u'https://www.groupon.com/deals/runpainfree',)","([],)"
"(u'$125',)","(u'$63',)","(u""Cho's Taekwondo Academy 2"",)","(u'Up to 50% off Martial Arts Lesson',)","(u'https://www.groupon.com/deals/cho-s-taekwondo-academy-2',)","([],)"
"(u'$90',)","(u'$15',)","(u'Kickboxing Suffern',)","(u'Up to 86% off Kickboxing Classes',)","(u'https://www.groupon.com/deals/kickboxing-suffern',)","([],)"
"(u'$200',)","(u'$55',)","(u'Williamsburg Mixed Martial Arts Academy',)","(u'Up to 72% off Boxing Classes',)","(u'https://www.groupon.com/deals/williamsburg-mixed-martial-arts-5',)","([],)"
https://www.groupon.com/deals/piermont-bicycle-connection
https://groupon.com/coupons/stores/gamerewind.nfl.com?c=f5f02de4-f099-4679-8c64-6be21b7628e2&utm_source=groupon_search
https://www.groupon.com/deals/piermont-bicycle-connection
https://groupon.com/coupons/stores/gamerewind.nfl.com?c=f5f02de4-f099-4679-8c64-6be21b7628e2&utm_source=groupon_search
https://www.groupon.com/deals/piermont-bicycle-connection
https://groupon.com/coupons/stores/gamerewind.nfl.com?c=f5f02de4-f099-4679-8c64-6be21b7628e2&utm_source=groupon_search
